2026-03-25T19:17:09.824038 | https://vvtat.lrv.lt/uploads/2023/04/2023-03-14-nutarimas-nr.-10g-574.pdf | RuntimeError('bad status=404 size=1044')
2026-03-25T19:27:40.666766 | https://vvtat.lrv.lt/public/canonical/1721811827/34958/2023-04-20-nutarimas-nr.-10g-897.pdf | RuntimeError('bad status=404 size=29440')
2026-03-25T19:30:04.566904 | https://vvtat.lrv.lt/public/canonical/1721900447/35188/2023-05-12-nutarimas-nr.-10g-982.pdf | RuntimeError('bad status=404 size=29440')
2026-03-25T19:31:58.809882 | https://vvtat.lrv.lt/uploads/2023/06/2023-05-25-nutarimas-nr.-10g-1145.pdf | RuntimeError('bad status=404 size=1044')
2026-03-25T19:46:10.738884 | https://vvtat.lrv.lt/uploads/2023/09/2023-06-23-nutarimas-nr.-10g-1435.pdf | RuntimeError('bad status=404 size=1044')
2026-03-25T20:45:41.795928 | https://vvtat.lrv.lt/data/public/uploads/2023/02/2023-01-04-nutarimas-nr.-10g-2.pdf | RuntimeError('bad status=404 size=29440')
2026-03-25T20:45:46.296133 | https://vvtat.lrv.lt/data/public/uploads/2023/02/2023-01-11-nutarimas-nr.-10g-1.pdf | RuntimeError('bad status=404 size=29440')
2026-03-25T20:45:49.601060 | https://vvtat.lrv.lt/data/public/uploads/2023/02/2023-01-11-nutarimas-nr.-10g-3.pdf | RuntimeError('bad status=404 size=29440')
2026-03-25T20:45:52.652565 | https://vvtat.lrv.lt/data/public/uploads/2023/03/2023-01-11-nutarimas-nr.-10g-4.pdf | RuntimeError('bad status=404 size=29440')
2026-03-25T20:45:55.514779 | https://vvtat.lrv.lt/data/public/uploads/2023/02/2023-01-11-nutarimas-nr.-10g-8.pdf | RuntimeError('bad status=404 size=29440')
2026-03-25T20:45:59.668077 | https://vvtat.lrv.lt/data/public/uploads/2023/02/2023-01-11-nutarimas-nr.-10g-9.pdf | RuntimeError('bad status=404 size=29440')
2026-03-25T20:46:03.403141 | https://vvtat.lrv.lt/data/public/uploads/2023/02/2023-01-12-nutarimas-nr.-10g-10.pdf | RuntimeError('bad status=404 size=29440')
2026-03-25T20:46:09.079566 | https://vvtat.lrv.lt/data/public/uploads/2023/02/2023-01-12-nutarimas-nr.-10g-61.pdf | RuntimeError('bad status=404 size=29440')
2026-03-25T20:46:14.556071 | https://vvtat.lrv.lt/data/public/uploads/2023/02/2023-01-12-nutarimas-nr.-10g-65.pdf | RuntimeError('bad status=404 size=29440')
2026-03-25T20:46:20.216040 | https://vvtat.lrv.lt/data/public/uploads/2023/02/2023-01-12-nutarimas-nr.-10g-66.pdf | RuntimeError('bad status=404 size=29440')
2026-03-25T20:46:23.121887 | https://vvtat.lrv.lt/data/public/uploads/2023/02/2023-01-12-nutarimas-nr.-10g-67.pdf | RuntimeError('bad status=404 size=29440')
2026-03-25T20:46:26.370555 | https://vvtat.lrv.lt/data/public/uploads/2023/02/2023-01-12-nutarimas-nr.-10g-68.pdf | RuntimeError('bad status=404 size=29440')
2026-03-25T20:46:32.038262 | https://vvtat.lrv.lt/data/public/uploads/2023/07/2023-01-12-nutarimas-nr.-10g-71.pdf | RuntimeError('bad status=404 size=29440')
2026-03-25T20:46:35.425982 | https://vvtat.lrv.lt/data/public/uploads/2023/02/2023-01-12-nutarimas-nr.-10g-72.pdf | RuntimeError('bad status=404 size=29440')
2026-03-25T20:46:38.600545 | https://vvtat.lrv.lt/data/public/uploads/2023/02/2023-01-12-nutarimas-nr.-10g-74.pdf | RuntimeError('bad status=404 size=29440')
2026-03-25T20:46:41.425379 | https://vvtat.lrv.lt/data/public/uploads/2023/02/2023-01-13-nutarimas-nr.-10g-82.pdf | RuntimeError('bad status=404 size=29440')
2026-03-25T20:46:46.328332 | https://vvtat.lrv.lt/data/public/uploads/2023/09/2023-01-13-nutarimas-nr.-10g-84.pdf | RuntimeError('bad status=404 size=29440')
2026-03-25T20:46:50.504174 | https://vvtat.lrv.lt/data/public/uploads/2023/02/2023-01-12-nutarimas-nr.-10g-98.pdf | RuntimeError('bad status=404 size=29440')
2026-03-25T20:46:53.455558 | https://vvtat.lrv.lt/data/public/uploads/2023/02/2023-01-13-nutarimas-nr.-10g-86.pdf | RuntimeError('bad status=404 size=29440')
2026-03-25T20:46:56.294471 | https://vvtat.lrv.lt/data/public/uploads/2023/02/2023-01-13-nutarimas-nr.-10g-89.pdf | RuntimeError('bad status=404 size=29440')
2026-03-25T20:47:02.287780 | https://vvtat.lrv.lt/data/public/uploads/2023/07/2023-01-16-nutarimas-nr.-10g-92.pdf | RuntimeError('bad status=404 size=29440')
2026-03-25T20:47:08.397122 | https://vvtat.lrv.lt/data/public/uploads/2023/02/2023-01-17-nutarimas-nr.-10g-97.pdf | RuntimeError('bad status=404 size=29440')
2026-03-25T20:47:11.339100 | https://vvtat.lrv.lt/data/public/uploads/2023/02/2023-01-17-nutarimas-nr.-10g-110.pdf | RuntimeError('bad status=404 size=29440')
2026-03-25T20:47:16.710780 | https://vvtat.lrv.lt/data/public/uploads/2023/05/2023-01-18-nutarimas-nr.-10g-112.pdf | RuntimeError('bad status=404 size=29440')
2026-03-25T20:47:21.864977 | https://vvtat.lrv.lt/data/public/uploads/2023/03/2023-01-19-nutarimas-nr.-10g-126.pdf | RuntimeError('bad status=404 size=29440')
2026-03-25T20:47:26.030130 | https://vvtat.lrv.lt/data/public/uploads/2023/02/2023-01-19-nutarimas-nr.-10g-128.pdf | RuntimeError('bad status=404 size=29440')
2026-03-25T20:47:29.860708 | https://vvtat.lrv.lt/data/public/uploads/2023/07/2023-01-19-nutarimas-nr.-10g-129.pdf | RuntimeError('bad status=404 size=29440')
2026-03-25T20:47:34.086019 | https://vvtat.lrv.lt/data/public/uploads/2023/02/2023-01-19-nutarimas-nr.-10g-133.pdf | RuntimeError('bad status=404 size=29440')
2026-03-25T20:47:36.723979 | https://vvtat.lrv.lt/data/public/uploads/2023/03/2023-01-20-nutarimas-nr.-10g-144.pdf | RuntimeError('bad status=404 size=29440')
2026-03-25T20:47:39.040036 | https://vvtat.lrv.lt/data/public/uploads/2023/03/2023-01-24-nutarimas-nr.-10g-183.pdf | RuntimeError('bad status=404 size=29440')
2026-03-25T20:47:41.922095 | https://vvtat.lrv.lt/data/public/uploads/2023/03/2023-01-26-nutarimas-nr.-10g-192.pdf | RuntimeError('bad status=404 size=29440')
2026-03-25T20:47:47.175019 | https://vvtat.lrv.lt/data/public/uploads/2023/03/2023-01-26-nutarimas-nr.-10g-193.pdf | RuntimeError('bad status=404 size=29440')
2026-03-25T20:47:51.977876 | https://vvtat.lrv.lt/data/public/uploads/2023/03/2023-01-26-nutarimas-nr.-10g-204.pdf | RuntimeError('bad status=404 size=29440')
2026-03-25T20:47:55.471674 | https://vvtat.lrv.lt/data/public/uploads/2023/03/2023-01-26-nutarimas-nr.-10g-207.pdf | RuntimeError('bad status=404 size=29440')
2026-03-25T20:47:59.057039 | https://vvtat.lrv.lt/data/public/uploads/2023/03/2023-01-26-nutarimas-nr.-10g-208.pdf | RuntimeError('bad status=404 size=29440')
2026-03-25T20:48:02.159881 | https://vvtat.lrv.lt/data/public/uploads/2023/02/2023-01-27-nutarimas-nr.-10g-215.pdf | RuntimeError('bad status=404 size=29440')
2026-03-25T20:48:07.273488 | https://vvtat.lrv.lt/data/public/uploads/2023/02/2023-01-27-nutarimas-nr.-10g-216.pdf | RuntimeError('bad status=404 size=29440')
2026-03-25T20:48:14.319938 | https://vvtat.lrv.lt/data/public/uploads/2023/03/2023-01-27-nutarimas-nr.-10g-231.pdf | RuntimeError('bad status=404 size=29440')
2026-03-25T20:48:19.042468 | https://vvtat.lrv.lt/data/public/uploads/2023/11/2023-01-31-nutarimas-nr.-10g-255.pdf | RuntimeError('bad status=404 size=29440')
2026-03-25T20:48:24.222071 | https://vvtat.lrv.lt/data/public/uploads/2023/05/2023-01-31-nutarimas-nr.-10g-261.pdf | RuntimeError('bad status=404 size=29440')
2026-03-25T20:48:27.555016 | https://vvtat.lrv.lt/data/public/uploads/2023/03/2023-01-31-nutarimas-nr.-10g-262.pdf | RuntimeError('bad status=404 size=29440')
2026-03-25T20:48:32.140816 | https://vvtat.lrv.lt/data/public/uploads/2023/03/2023-02-01-nutarimas-nr.-10g-265.pdf | RuntimeError('bad status=404 size=29440')
2026-03-25T20:48:36.959326 | https://vvtat.lrv.lt/data/public/uploads/2023/03/2023-02-01-nutarimas-nr.-10g-267.pdf | RuntimeError('bad status=404 size=29440')
2026-03-25T20:48:40.562439 | https://vvtat.lrv.lt/data/public/uploads/2023/07/2023-02-02-nutarimas-nr.-10g-279.pdf | RuntimeError('bad status=404 size=29440')
2026-03-25T20:48:46.461524 | https://vvtat.lrv.lt/data/public/uploads/2023/03/2023-02-03-nutarimas-nr.-10g-280.pdf | RuntimeError('bad status=404 size=29440')
2026-03-25T20:48:51.283538 | https://vvtat.lrv.lt/data/public/uploads/2023/03/2023-02-03-nutarimas-nr.-10g-281.pdf | RuntimeError('bad status=404 size=29440')
2026-03-25T20:48:55.016650 | https://vvtat.lrv.lt/data/public/uploads/2023/03/2023-02-06-nutarimas-nr.-10g-291.pdf | RuntimeError('bad status=404 size=29440')
2026-03-25T20:48:58.793192 | https://vvtat.lrv.lt/data/public/uploads/2023/03/2023-02-07-nutarimas-nr.-10g-293.pdf | RuntimeError('bad status=404 size=29440')
2026-03-25T20:49:03.725256 | https://vvtat.lrv.lt/data/public/uploads/2023/03/2023-02-07-nutarimas-nr.-10g-294.pdf | RuntimeError('bad status=404 size=29440')
2026-03-25T20:49:09.142502 | https://vvtat.lrv.lt/data/public/uploads/2023/03/2023-02-07-nutarimas-nr.-10g-295.pdf | RuntimeError('bad status=404 size=29440')
2026-03-25T20:49:13.452283 | https://vvtat.lrv.lt/data/public/uploads/2023/03/2023-02-07-nutarimas-nr.-10g-300.pdf | RuntimeError('bad status=404 size=29440')
2026-03-25T20:49:16.903920 | https://vvtat.lrv.lt/data/public/uploads/2023/03/2023-02-08-nutarimas-nr.-10g-304.pdf | RuntimeError('bad status=404 size=29440')
2026-03-25T20:49:22.794580 | https://vvtat.lrv.lt/data/public/uploads/2023/05/2023-02-09-nutarimas-nr.-10g-313.pdf | RuntimeError('bad status=404 size=29440')
2026-03-25T20:49:25.566763 | https://vvtat.lrv.lt/data/public/uploads/2023/03/2023-02-10-nutarimas-nr.-10g-325.pdf | RuntimeError('bad status=404 size=29440')
2026-03-25T20:49:31.013574 | https://vvtat.lrv.lt/data/public/uploads/2023/03/2023-02-10-nutarimas-nr.-10g-329.pdf | RuntimeError('bad status=404 size=29440')
2026-03-25T20:49:34.012347 | https://vvtat.lrv.lt/data/public/uploads/2023/03/2023-02-13-nutarimas-nr.-10g-336.pdf | RuntimeError('bad status=404 size=29440')
2026-03-25T20:49:38.437914 | https://vvtat.lrv.lt/data/public/uploads/2023/03/2023-02-13-nutarimas-nr.-10g-337.pdf | RuntimeError('bad status=404 size=29440')
2026-03-25T20:49:42.442041 | https://vvtat.lrv.lt/data/public/uploads/2023/03/2023-02-14-nutarimas-nr.-10g-349.pdf | RuntimeError('bad status=404 size=29440')
2026-03-25T20:49:46.525058 | https://vvtat.lrv.lt/data/public/uploads/2023/03/2023-02-15-nutarimas-nr.-10g-358.pdf | RuntimeError('bad status=404 size=29440')
2026-03-25T20:49:51.866110 | https://vvtat.lrv.lt/data/public/uploads/2023/03/2023-02-15-nutarimas-nr.-10g-366.pdf | RuntimeError('bad status=404 size=29440')
2026-03-25T20:49:55.028389 | https://vvtat.lrv.lt/data/public/uploads/2023/03/2023-02-17-nutarimas-nr.-10g-377.pdf | RuntimeError('bad status=404 size=29440')
2026-03-25T20:50:00.432421 | https://vvtat.lrv.lt/data/public/uploads/2023/03/2023-02-21-nutarimas-nr.-10g-388.pdf | RuntimeError('bad status=404 size=29440')
2026-03-25T20:50:02.905831 | https://vvtat.lrv.lt/data/public/uploads/2023/05/2023-02-21-nutarimas-nr.-10g-389.pdf | RuntimeError('bad status=404 size=29440')
2026-03-25T20:50:06.933836 | https://vvtat.lrv.lt/data/public/uploads/2023/05/2023-02-21-nutarimas-nr.-10g-399.pdf | RuntimeError('bad status=404 size=29440')
2026-03-25T20:50:11.388442 | https://vvtat.lrv.lt/data/public/uploads/2023/03/2023-02-22-nutarimas-nr.-10g-402.pdf | RuntimeError('bad status=404 size=29440')
2026-03-25T20:50:16.802892 | https://vvtat.lrv.lt/data/public/uploads/2023/03/2023-02-22-nutarimas-nr.-10g-403.pdf | RuntimeError('bad status=404 size=29440')
2026-03-25T20:50:21.226795 | https://vvtat.lrv.lt/data/public/uploads/2023/04/2023-02-23-nutarimas-nr.-10g-427.pdf | RuntimeError('bad status=404 size=29440')
2026-03-25T20:50:24.247775 | https://vvtat.lrv.lt/data/public/uploads/2023/04/2023-02-23-nutarimas-nr.-10g-430.pdf | RuntimeError('bad status=404 size=29440')
2026-03-25T20:50:27.793002 | https://vvtat.lrv.lt/data/public/uploads/2023/03/2023-02-23-nutarimas-nr.-10g-431.pdf | RuntimeError('bad status=404 size=29440')
2026-03-25T20:50:31.248690 | https://vvtat.lrv.lt/data/public/uploads/2023/11/2023-02-23-nutarimas-nr.-10g-432.pdf | RuntimeError('bad status=404 size=29440')
2026-03-25T20:50:36.271693 | https://vvtat.lrv.lt/data/public/uploads/2023/05/2023-02-24-nutarimas-nr.-10g-443.pdf | RuntimeError('bad status=404 size=29440')
2026-03-25T20:50:42.337584 | https://vvtat.lrv.lt/data/public/uploads/2023/03/2023-02-24-nutarimas-nr.-10g-445.pdf | RuntimeError('bad status=404 size=29440')
2026-03-25T20:50:44.975260 | https://vvtat.lrv.lt/data/public/uploads/2023/03/2023-02-24-nutarimas-nr.-10g-446.pdf | RuntimeError('bad status=404 size=29440')
2026-03-25T20:50:48.912522 | https://vvtat.lrv.lt/data/public/uploads/2023/03/2023-02-24-nutarimas-nr.-10g-448.pdf | RuntimeError('bad status=404 size=29440')
2026-03-25T20:50:51.087711 | https://vvtat.lrv.lt/data/public/uploads/2023/04/2023-03-02-nutarimas-nr.-10g-474.pdf | RuntimeError('bad status=404 size=29440')
2026-03-25T20:50:55.577050 | https://vvtat.lrv.lt/data/public/uploads/2023/04/2023-03-02-nutarimas-nr.-10g-475.pdf | RuntimeError('bad status=404 size=29440')
2026-03-25T20:51:00.766390 | https://vvtat.lrv.lt/data/public/uploads/2023/04/2023-03-02-nutarimas-nr.-10g-476.pdf | RuntimeError('bad status=404 size=29440')
2026-03-25T20:51:05.080405 | https://vvtat.lrv.lt/data/public/uploads/2023/10/2023-03-02-nutarimas-nr.-10g-477.pdf | RuntimeError('bad status=404 size=29440')
2026-03-25T20:51:08.753247 | https://vvtat.lrv.lt/data/public/uploads/2023/05/2023-03-02-nutarimas-nr.-10g-481.pdf | RuntimeError('bad status=404 size=29440')
2026-03-25T20:51:11.103276 | https://vvtat.lrv.lt/data/public/uploads/2023/05/2023-03-02-nutarimas-nr.-10g-488.pdf | RuntimeError('bad status=404 size=29440')
2026-03-25T20:51:16.819392 | https://vvtat.lrv.lt/data/public/uploads/2023/05/2023-03-03-nutarimas-nr.-10g-491.pdf | RuntimeError('bad status=404 size=29440')
2026-03-25T20:51:20.068763 | https://vvtat.lrv.lt/data/public/uploads/2023/04/2023-03-07-nutarimas-nr.-10g-502.pdf | RuntimeError('bad status=404 size=29440')
2026-03-25T20:51:24.796278 | https://vvtat.lrv.lt/data/public/uploads/2023/04/2023-03-07-nutarimas-nr.-10g-503.pdf | RuntimeError('bad status=404 size=29440')
2026-03-25T20:51:27.888662 | https://vvtat.lrv.lt/data/public/uploads/2023/04/2023-03-07-nutarimas-nr.-10g-504.pdf | RuntimeError('bad status=404 size=29440')
2026-03-25T20:51:32.933958 | https://vvtat.lrv.lt/data/public/uploads/2023/04/2023-03-07-nutarimas-nr.-10g-505.pdf | RuntimeError('bad status=404 size=29440')
2026-03-25T20:51:36.017413 | https://vvtat.lrv.lt/data/public/uploads/2023/05/2023-03-07-nutarimas-nr.-10g-506.pdf | RuntimeError('bad status=404 size=29440')
2026-03-25T20:51:38.473853 | https://vvtat.lrv.lt/data/public/uploads/2023/04/2023-03-07-nutarimas-nr.-10g-520.pdf | RuntimeError('bad status=404 size=29440')
2026-03-25T20:51:43.984051 | https://vvtat.lrv.lt/data/public/uploads/2023/04/2023-03-08-nutarimas-nr.-10g-528.pdf | RuntimeError('bad status=404 size=29440')
2026-03-25T20:51:46.890038 | https://vvtat.lrv.lt/data/public/uploads/2023/03/2023-03-09-nutarimas-nr.-10g-531.pdf | RuntimeError('bad status=404 size=29440')
2026-03-25T20:51:49.710308 | https://vvtat.lrv.lt/data/public/uploads/2023/05/2023-03-09-nutarimas-nr.-10g-532.pdf | RuntimeError('bad status=404 size=29440')
2026-03-25T20:51:53.376111 | https://vvtat.lrv.lt/data/public/uploads/2023/04/2023-03-14-nutarimas-nr.-10g-534.pdf | RuntimeError('bad status=404 size=29440')
2026-03-25T20:51:57.052779 | https://vvtat.lrv.lt/data/public/uploads/2023/05/2023-03-14-nutarimas-nr.-10g-535.pdf | RuntimeError('bad status=404 size=29440')
2026-03-25T20:52:03.202443 | https://vvtat.lrv.lt/data/public/uploads/2023/05/2023-03-14-nutarimas-nr.-10g-537.pdf | RuntimeError('bad status=404 size=29440')
2026-03-25T20:52:08.370746 | https://vvtat.lrv.lt/data/public/uploads/2023/04/2023-03-14-nutarimas-nr.-10g-540.pdf | RuntimeError('bad status=404 size=29440')
2026-03-25T20:52:11.739235 | https://vvtat.lrv.lt/data/public/uploads/2023/04/2023-03-14-nutarimas-nr.-10g-541.pdf | RuntimeError('bad status=404 size=29440')
2026-03-25T20:52:15.267148 | https://vvtat.lrv.lt/data/public/uploads/2023/05/2023-03-14-nutarimas-nr.-10g-542.pdf | RuntimeError('bad status=404 size=29440')
2026-03-25T20:52:19.907665 | https://vvtat.lrv.lt/data/public/uploads/2023/05/2023-03-14-nutarimas-nr.-10g-546-003.pdf | RuntimeError('bad status=404 size=29440')
2026-03-25T20:52:24.898877 | https://vvtat.lrv.lt/data/public/uploads/2023/05/2023-03-14-nutarimas-nr.-10g-551.pdf | RuntimeError('bad status=404 size=29440')
2026-03-25T20:52:30.313436 | https://vvtat.lrv.lt/data/public/uploads/2023/04/2023-03-14-nutarimas-nr.-10g-552.pdf | RuntimeError('bad status=404 size=29440')
2026-03-25T20:52:35.206337 | https://vvtat.lrv.lt/data/public/uploads/2023/05/2023-03-14-nutarimas-nr.-10g-554.pdf | RuntimeError('bad status=404 size=29440')
2026-03-25T20:52:37.930254 | https://vvtat.lrv.lt/data/public/uploads/2023/05/2023-03-15-nutarimas-nr.-10g-591.pdf | RuntimeError('bad status=404 size=29440')
2026-03-25T20:52:44.041997 | https://vvtat.lrv.lt/data/public/uploads/2023/06/2023-03-15-nutarimas-nr.-10g-592.pdf | RuntimeError('bad status=404 size=29440')
2026-03-25T20:52:46.868865 | https://vvtat.lrv.lt/data/public/uploads/2023/05/2023-03-15-nutarimas-nr.-10g-593.pdf | RuntimeError('bad status=404 size=29440')
2026-03-25T20:52:51.220893 | https://vvtat.lrv.lt/data/public/uploads/2023/05/2023-03-15-nutarimas-nr.-10g-596.pdf | RuntimeError('bad status=404 size=29440')
2026-03-25T20:52:55.248617 | https://vvtat.lrv.lt/data/public/uploads/2023/11/2023-03-15-nutarimas-nr.-10g-602.pdf | RuntimeError('bad status=404 size=29440')
2026-03-25T20:52:58.800418 | https://vvtat.lrv.lt/data/public/uploads/2023/05/2023-03-16-nutarimas-nr.-10g-611.pdf | RuntimeError('bad status=404 size=29440')
2026-03-25T20:53:02.497495 | https://vvtat.lrv.lt/data/public/uploads/2023/04/2023-03-16-nutarimas-nr.-10g-613.pdf | RuntimeError('bad status=404 size=29440')
2026-03-25T20:53:06.779472 | https://vvtat.lrv.lt/data/public/uploads/2023/10/2023-03-20-nutarimas-nr.-10g-638.pdf | RuntimeError('bad status=404 size=29440')
2026-03-25T20:53:12.285557 | https://vvtat.lrv.lt/data/public/uploads/2023/05/2023-03-21-nutarimas-nr.-10g-642.pdf | RuntimeError('bad status=404 size=29440')
2026-03-25T20:53:16.134463 | https://vvtat.lrv.lt/data/public/uploads/2023/05/2023-03-21-nutarimas-nr.-10g-644.pdf | RuntimeError('bad status=404 size=29440')
2026-03-25T20:53:21.419991 | https://vvtat.lrv.lt/data/public/uploads/2023/05/2023-03-22-nutarimas-nr.-10g-659.pdf | RuntimeError('bad status=404 size=29440')
2026-03-25T20:53:24.802223 | https://vvtat.lrv.lt/data/public/uploads/2023/05/2023-03-22-nutarimas-nr.-10g-661.pdf | RuntimeError('bad status=404 size=29440')
2026-03-25T20:53:30.700787 | https://vvtat.lrv.lt/data/public/uploads/2023/05/2023-03-22-nutarimas-nr.-10g-663.pdf | RuntimeError('bad status=404 size=29440')
2026-03-25T20:53:33.543769 | https://vvtat.lrv.lt/data/public/uploads/2023/05/2023-03-22-nutarimas-nr.-10g-664.pdf | RuntimeError('bad status=404 size=29440')
2026-03-25T20:53:38.852623 | https://vvtat.lrv.lt/data/public/uploads/2023/05/2023-03-23-nutarimas-nr.-10g-673.pdf | RuntimeError('bad status=404 size=29440')
2026-03-25T20:53:44.538642 | https://vvtat.lrv.lt/data/public/uploads/2023/05/2023-03-23-nutarimas-nr.-10g-682.pdf | RuntimeError('bad status=404 size=29440')
2026-03-25T20:53:47.234400 | https://vvtat.lrv.lt/data/public/uploads/2023/05/2023-03-24-nutarimas-nr.-10g-685.pdf | RuntimeError('bad status=404 size=29440')
2026-03-25T20:53:50.996185 | https://vvtat.lrv.lt/data/public/uploads/2023/05/2023-03-24-nutarimas-nr.-10g-686.pdf | RuntimeError('bad status=404 size=29440')
2026-03-25T20:53:56.785625 | https://vvtat.lrv.lt/data/public/uploads/2023/05/2023-03-27-nutarimas-nr.-10g-697.pdf | RuntimeError('bad status=404 size=29440')
2026-03-25T20:53:59.081348 | https://vvtat.lrv.lt/data/public/uploads/2023/09/2023-03-27-nutarimas-nr.-10g-698.pdf | RuntimeError('bad status=404 size=29440')
2026-03-25T20:54:05.126815 | https://vvtat.lrv.lt/data/public/uploads/2023/10/2023-03-28-nutarimas-nr.-10g-704.pdf | RuntimeError('bad status=404 size=29440')
2026-03-25T20:54:08.805954 | https://vvtat.lrv.lt/data/public/uploads/2023/05/2023-03-28-nutarimas-nr.-10g-713.pdf | RuntimeError('bad status=404 size=29440')
2026-03-25T20:54:11.252852 | https://vvtat.lrv.lt/data/public/uploads/2023/05/2023-03-28-nutarimas-nr.-10g-714.pdf | RuntimeError('bad status=404 size=29440')
2026-03-25T20:54:17.235111 | https://vvtat.lrv.lt/data/public/uploads/2023/10/2023-03-29-nutarimas-nr.-10g-718.pdf | RuntimeError('bad status=404 size=29440')
2026-03-25T20:54:20.786191 | https://vvtat.lrv.lt/data/public/uploads/2023/05/2023-03-29-nutarimas-nr.-10g-721.pdf | RuntimeError('bad status=404 size=29440')
2026-03-25T20:54:23.085263 | https://vvtat.lrv.lt/data/public/uploads/2023/05/2023-03-29-nutarimas-nr.-10g-724.pdf | RuntimeError('bad status=404 size=29440')
2026-03-25T20:54:26.834244 | https://vvtat.lrv.lt/data/public/uploads/2023/12/2023-03-30-nutarimas-nr.-10g-733.pdf | RuntimeError('bad status=404 size=29440')
2026-03-25T20:54:29.080020 | https://vvtat.lrv.lt/data/public/uploads/2023/05/2023-03-31-nutarimas-nr.-10g-738.pdf | RuntimeError('bad status=404 size=29440')
2026-03-25T20:54:33.206446 | https://vvtat.lrv.lt/data/public/uploads/2023/05/2023-03-31-nutarimas-nr.-10g-741.pdf | RuntimeError('bad status=404 size=29440')
2026-03-25T20:54:36.155228 | https://vvtat.lrv.lt/data/public/uploads/2023/05/2023-03-31-nutarimas-nr.-10g-745.pdf | RuntimeError('bad status=404 size=29440')
2026-03-25T20:54:39.350778 | https://vvtat.lrv.lt/data/public/uploads/2023/06/2023-03-31-nutarimas-nr.-10g-746.pdf | RuntimeError('bad status=404 size=29440')
2026-03-25T20:54:43.459769 | https://vvtat.lrv.lt/data/public/uploads/2023/05/2023-04-04-nutarimas-nr.-10g-759.pdf | RuntimeError('bad status=404 size=29440')
2026-03-25T20:54:45.787769 | https://vvtat.lrv.lt/data/public/uploads/2023/06/2023-04-04-nutarimas-nr.-10g-760.pdf | RuntimeError('bad status=404 size=29440')
2026-03-25T20:54:49.531659 | https://vvtat.lrv.lt/data/public/uploads/2023/05/2023-04-04-nutarimas-nr.-10g-762.pdf | RuntimeError('bad status=404 size=29440')
2026-03-25T20:54:52.033167 | https://vvtat.lrv.lt/data/public/uploads/2023/05/2023-04-05-nutarimas-nr.-10g-771.pdf | RuntimeError('bad status=404 size=29440')
2026-03-25T20:54:57.724418 | https://vvtat.lrv.lt/data/public/uploads/2023/07/2023-04-05-nutarimas-nr.-10g-775.pdf | RuntimeError('bad status=404 size=29440')
2026-03-25T20:55:07.100141 | https://vvtat.lrv.lt/data/public/uploads/2023/05/2023-04-06-nutarimas-nr.-10g-791.pdf | RuntimeError('bad status=404 size=29440')
2026-03-25T20:55:12.301946 | https://vvtat.lrv.lt/data/public/uploads/2023/05/2023-04-06-nutarimas-nr.-10g-792.pdf | RuntimeError('bad status=404 size=29440')
2026-03-25T20:55:17.101722 | https://vvtat.lrv.lt/data/public/uploads/2023/05/2023-04-06-nutarimas-nr.-10g-794.pdf | RuntimeError('bad status=404 size=29440')
2026-03-25T20:55:22.807614 | https://vvtat.lrv.lt/data/public/uploads/2023/06/2023-04-07-nutarimas-nr.-10g-797.pdf | RuntimeError('bad status=404 size=29440')
2026-03-25T20:55:26.252789 | https://vvtat.lrv.lt/data/public/uploads/2023/05/2023-04-07-nutarimas-nr.-10g-798.pdf | RuntimeError('bad status=404 size=29440')
2026-03-25T20:55:33.253843 | https://vvtat.lrv.lt/data/public/uploads/2023/05/2023-04-11-nutarimas-nr.-10g-820.pdf | RuntimeError('bad status=404 size=29440')
2026-03-25T20:55:38.479443 | https://vvtat.lrv.lt/data/public/uploads/2023/05/2023-04-12-nutarimas-nr.-10g-821.pdf | RuntimeError('bad status=404 size=29440')
2026-03-25T20:55:41.245146 | https://vvtat.lrv.lt/data/public/uploads/2023/05/2023-04-13-nutarimas-nr.-10g-828.pdf | RuntimeError('bad status=404 size=29440')
2026-03-25T20:55:46.850045 | https://vvtat.lrv.lt/data/public/uploads/2023/10/2023-04-13-nutarimas-nr.-10g-830.pdf | RuntimeError('bad status=404 size=29440')
2026-03-25T20:55:51.490609 | https://vvtat.lrv.lt/data/public/uploads/2023/06/2023-04-14-nutarimas-nr.-10g-836.pdf | RuntimeError('bad status=404 size=29440')
2026-03-25T20:55:54.898065 | https://vvtat.lrv.lt/data/public/uploads/2023/10/2023-04-14-nutarimas-nr.-10g-839.pdf | RuntimeError('bad status=404 size=29440')
2026-03-25T20:56:00.832716 | https://vvtat.lrv.lt/data/public/uploads/2023/05/2023-04-18-nutarimas-nr.-10g-860.pdf | RuntimeError('bad status=404 size=29440')
2026-03-25T20:56:05.042857 | https://vvtat.lrv.lt/data/public/uploads/2023/05/2023-04-18-nutarimas-nr.-10g-866.pdf | RuntimeError('bad status=404 size=29440')
2026-03-25T20:56:09.221055 | https://vvtat.lrv.lt/data/public/uploads/2023/10/2023-04-18-nutarimas-nr.-10g-867.pdf | RuntimeError('bad status=404 size=29440')
2026-03-25T20:56:13.004913 | https://vvtat.lrv.lt/data/public/uploads/2023/06/2023-04-18-nutarimas-nr.-10g-9561.pdf | RuntimeError('bad status=404 size=29440')
2026-03-25T20:56:15.720673 | https://vvtat.lrv.lt/data/public/uploads/2023/05/2023-04-21-nutarimas-nr.-10g-900.pdf | RuntimeError('bad status=404 size=29440')
2026-03-25T20:56:18.113907 | https://vvtat.lrv.lt/data/public/uploads/2023/06/2023-04-21-nutarimas-nr.-10g-901.pdf | RuntimeError('bad status=404 size=29440')
2026-03-25T20:56:23.901943 | https://vvtat.lrv.lt/data/public/uploads/2023/05/2023-04-21-nutarimas-nr.-10g-902.pdf | RuntimeError('bad status=404 size=29440')
2026-03-25T20:56:28.085983 | https://vvtat.lrv.lt/data/public/uploads/2023/05/2023-04-21-nutarimas-nr.-10g-903.pdf | RuntimeError('bad status=404 size=29440')
2026-03-25T20:56:32.277747 | https://vvtat.lrv.lt/data/public/uploads/2023/05/2023-04-21-nutarimas-nr.-10g-904.pdf | RuntimeError('bad status=404 size=29440')
2026-03-25T20:56:37.099002 | https://vvtat.lrv.lt/data/public/uploads/2023/07/2023-04-21-nutarimas-nr.-10g-906.pdf | RuntimeError('bad status=404 size=29440')
2026-03-25T20:56:41.008743 | https://vvtat.lrv.lt/data/public/uploads/2023/05/2023-04-21-nutarimas-nr.-10g-909.pdf | RuntimeError('bad status=404 size=29440')
2026-03-25T20:56:43.865007 | https://vvtat.lrv.lt/data/public/uploads/2023/06/2023-04-21-nutarimas-nr.-10g-910.pdf | RuntimeError('bad status=404 size=29440')
2026-03-25T20:56:49.212635 | https://vvtat.lrv.lt/data/public/uploads/2023/11/2023-04-21-nutarimas-nr.-10g-911.pdf | RuntimeError('bad status=404 size=29440')
2026-03-25T20:56:54.034281 | https://vvtat.lrv.lt/data/public/uploads/2023/05/2023-04-21-nutarimas-nr.-10g-917.pdf | RuntimeError('bad status=404 size=29440')
2026-03-25T20:56:58.575683 | https://vvtat.lrv.lt/data/public/uploads/2023/07/2023-04-24-nutarimas-nr.-10g-926.pdf | RuntimeError('bad status=404 size=29440')
2026-03-25T20:57:05.426661 | https://vvtat.lrv.lt/data/public/uploads/2023/06/2023-04-26-nutarimas-nr.-10g-947.pdf | RuntimeError('bad status=404 size=29440')
2026-03-25T20:57:08.621197 | https://vvtat.lrv.lt/data/public/uploads/2023/10/2023-04-25-nutarimas-nr.-10g-954.pdf | RuntimeError('bad status=404 size=29440')
2026-03-25T20:57:11.455565 | https://vvtat.lrv.lt/data/public/uploads/2023/05/2023-04-28-nutarimas-nr.-10g-971.pdf | RuntimeError('bad status=404 size=29440')
2026-03-25T20:57:16.558086 | https://vvtat.lrv.lt/data/public/uploads/2023/05/2023-04-28-nutarimas-nr.-10g-972.pdf | RuntimeError('bad status=404 size=29440')
2026-03-25T20:57:18.945802 | https://vvtat.lrv.lt/data/public/uploads/2023/07/2023-05-02-nutarimas-nr.-10g-976.pdf | RuntimeError('bad status=404 size=29440')
2026-03-25T20:57:22.289510 | https://vvtat.lrv.lt/data/public/uploads/2023/06/2023-05-05-nutarimas-nr.-10g-994.pdf | RuntimeError('bad status=404 size=29440')
2026-03-25T20:57:27.474791 | https://vvtat.lrv.lt/data/public/uploads/2023/06/2023-05-05-nutarimas-nr.-10g-995.pdf | RuntimeError('bad status=404 size=29440')
2026-03-25T20:57:32.108517 | https://vvtat.lrv.lt/data/public/uploads/2023/06/2023-05-05-nutarimas-nr.-10g-996.pdf | RuntimeError('bad status=404 size=29440')
2026-03-25T20:57:35.501078 | https://vvtat.lrv.lt/data/public/uploads/2023/06/2023-05-05-nutarimas-nr.-10g-997.pdf | RuntimeError('bad status=404 size=29440')
2026-03-25T20:57:38.302818 | https://vvtat.lrv.lt/data/public/uploads/2023/06/2023-05-05-nutarimas-nr.-10g-1019.pdf | RuntimeError('bad status=404 size=29440')
2026-03-25T20:57:47.648964 | https://vvtat.lrv.lt/data/public/uploads/2023/06/2023-05-09-nutarimas-nr.-10g-1034.pdf | RuntimeError('bad status=404 size=29440')
2026-03-25T20:57:50.759615 | https://vvtat.lrv.lt/data/public/uploads/2023/06/2023-05-12-nutarimas-nr.-10g-1060.pdf | RuntimeError('bad status=404 size=29440')
2026-03-25T20:57:58.117483 | https://vvtat.lrv.lt/data/public/uploads/2023/07/2023-05-12-nutarimas-nr.-10g-1063.pdf | RuntimeError('bad status=404 size=29440')
2026-03-25T20:58:01.447168 | https://vvtat.lrv.lt/data/public/uploads/2023/06/2023-05-18-nutarimas-nr.-10g-1077.pdf | RuntimeError('bad status=404 size=29440')
2026-03-25T20:58:06.979968 | https://vvtat.lrv.lt/data/public/uploads/2023/06/2023-05-19-nutarimas-nr.-10g-1102.pdf | RuntimeError('bad status=404 size=29440')
2026-03-25T20:58:13.080662 | https://vvtat.lrv.lt/data/public/uploads/2023/11/2023-05-19-nutarimas-nr.-10g-1105.pdf | RuntimeError('bad status=404 size=29440')
2026-03-25T20:58:17.394827 | https://vvtat.lrv.lt/data/public/uploads/2023/10/2023-05-26-nutarimas-nr.-10g-1150.pdf | RuntimeError('bad status=404 size=29440')
2026-03-25T20:58:22.613296 | https://vvtat.lrv.lt/data/public/uploads/2023/06/2023-05-26-nutarimas-nr.-10g-1157.pdf | RuntimeError('bad status=404 size=29440')
2026-03-25T20:58:26.882005 | https://vvtat.lrv.lt/data/public/uploads/2023/06/2023-05-26-nutarimas-nr.-10g-1158.pdf | RuntimeError('bad status=404 size=29440')
2026-03-25T20:58:32.559642 | https://vvtat.lrv.lt/data/public/uploads/2023/10/2023-05-29-nutarimas-nr.-10g-1163.pdf | RuntimeError('bad status=404 size=29440')
2026-03-25T20:58:37.869346 | https://vvtat.lrv.lt/data/public/uploads/2023/07/2023-05-30-nutarimas-nr.-10g-1177.pdf | RuntimeError('bad status=404 size=29440')
2026-03-25T20:58:41.886584 | https://vvtat.lrv.lt/data/public/uploads/2023/09/2023-05-30-nutarimas-nr.-10g-1178.pdf | RuntimeError('bad status=404 size=29440')
2026-03-25T20:58:46.525101 | https://vvtat.lrv.lt/data/public/uploads/2023/12/2023-05-30-nutarimas-nr.-10g-1179.pdf | RuntimeError('bad status=404 size=29440')
2026-03-25T20:58:56.301334 | https://vvtat.lrv.lt/data/public/uploads/2023/07/2023-05-31-nutarimas-nr.-10g-1183.pdf | RuntimeError('bad status=404 size=29440')
2026-03-25T20:58:59.480498 | https://vvtat.lrv.lt/data/public/uploads/2023/12/2023-05-31-nutarimas-nr.-10g-1190.pdf | RuntimeError('bad status=404 size=29440')
2026-03-25T20:59:03.143436 | https://vvtat.lrv.lt/data/public/uploads/2023/07/2023-06-01-nutarimas-nr.-10g-1195.pdf | RuntimeError('bad status=404 size=29440')
2026-03-25T20:59:08.327971 | https://vvtat.lrv.lt/data/public/uploads/2023/07/2023-06-01-nutarimas-nr.-10g-1196.pdf | RuntimeError('bad status=404 size=29440')
2026-03-25T20:59:12.928636 | https://vvtat.lrv.lt/data/public/uploads/2023/07/2023-06-01-nutarimas-nr.-10g-1197.pdf | RuntimeError('bad status=404 size=29440')
2026-03-25T20:59:26.083068 | https://vvtat.lrv.lt/data/public/uploads/2023/07/2023-06-02-nutarimas-nr.-10g-1230.pdf | RuntimeError('bad status=404 size=29440')
2026-03-25T20:59:30.589046 | https://vvtat.lrv.lt/data/public/uploads/2023/09/2023-06-06-nutarimas-nr.-10g-1251.pdf | RuntimeError('bad status=404 size=29440')
2026-03-25T20:59:36.449290 | https://vvtat.lrv.lt/data/public/uploads/2023/07/2023-06-07-nutarimas-nr.-10g-1259.pdf | RuntimeError('bad status=404 size=29440')
2026-03-25T20:59:39.630037 | https://vvtat.lrv.lt/data/public/uploads/2023/10/2023-06-07-nutarimas-nr.-10g-1266.pdf | RuntimeError('bad status=404 size=29440')
2026-03-25T20:59:42.044295 | https://vvtat.lrv.lt/data/public/uploads/2023/07/2023-06-08-nutarimas-nr.-10g-1273.pdf | RuntimeError('bad status=404 size=29440')
2026-03-25T20:59:45.148872 | https://vvtat.lrv.lt/data/public/uploads/2023/10/2023-06-09-nutarimas-nr.-10g-1300.pdf | RuntimeError('bad status=404 size=29440')
2026-03-25T20:59:50.295775 | https://vvtat.lrv.lt/data/public/uploads/2023/09/2023-06-14-nutarimas-nr.-10g-1327.pdf | RuntimeError('bad status=404 size=29440')
2026-03-25T20:59:52.802554 | https://vvtat.lrv.lt/data/public/uploads/2023/10/2023-06-14-nutarimas-nr.-10g-1331.pdf | RuntimeError('bad status=404 size=29440')
2026-03-25T20:59:56.441953 | https://vvtat.lrv.lt/data/public/uploads/2023/10/2023-06-14-nutarimas-nr.-10g-1332.pdf | RuntimeError('bad status=404 size=29440')
2026-03-25T21:00:00.197978 | https://vvtat.lrv.lt/data/public/uploads/2023/09/2023-06-15-nutarimas-nr.-10g-1334.pdf | RuntimeError('bad status=404 size=29440')
2026-03-25T21:00:02.749833 | https://vvtat.lrv.lt/data/public/uploads/2023/09/2023-06-15-nutarimas-nr.-10g-1336.pdf | RuntimeError('bad status=404 size=29440')
2026-03-25T21:00:06.061646 | https://vvtat.lrv.lt/data/public/uploads/2023/10/2023-06-16-nutarimas-nr.-10g-1353.pdf | RuntimeError('bad status=404 size=29440')
2026-03-25T21:00:10.622124 | https://vvtat.lrv.lt/data/public/uploads/2023/07/2023-06-16-nutarimas-nr.-10g-1360.pdf | RuntimeError('bad status=404 size=29440')
2026-03-25T21:00:13.352022 | https://vvtat.lrv.lt/data/public/uploads/2023/11/2023-06-16-nutarimas-nr.-10g-1361.pdf | RuntimeError('bad status=404 size=29440')
2026-03-25T21:00:19.209555 | https://vvtat.lrv.lt/data/public/uploads/2023/10/2023-06-16-nutarimas-nr.-10g-1374.pdf | RuntimeError('bad status=404 size=29440')
2026-03-25T21:00:23.356188 | https://vvtat.lrv.lt/data/public/uploads/2023/10/2023-06-20-nutarimas-nr.-10g-1386.pdf | RuntimeError('bad status=404 size=29440')
2026-03-25T21:00:30.246235 | https://vvtat.lrv.lt/data/public/uploads/2023/09/2023-06-21-nutarimas-nr.-10g-1400.pdf | RuntimeError('bad status=404 size=29440')
2026-03-25T21:00:39.282808 | https://vvtat.lrv.lt/data/public/uploads/2023/10/2023-06-21-nutarimas-nr.-10g-1407.pdf | RuntimeError('bad status=404 size=29440')
2026-03-25T21:00:45.114883 | https://vvtat.lrv.lt/data/public/uploads/2023/08/2023-06-21-nutarimas-nr.-10g-1408.pdf | RuntimeError('bad status=404 size=29440')
2026-03-25T21:00:48.406320 | https://vvtat.lrv.lt/data/public/uploads/2023/08/2023-06-22-nutarimas-nr.-10g-1419.pdf | RuntimeError('bad status=404 size=29440')
2026-03-25T21:00:50.669662 | https://vvtat.lrv.lt/data/public/uploads/2023/11/2023-06-22-nutarimas-nr.-10g-1420.pdf | RuntimeError('bad status=404 size=29440')
2026-03-25T21:00:56.318418 | https://vvtat.lrv.lt/data/public/uploads/2023/11/2023-06-22-nutarimas-nr.-10g-1423.pdf | RuntimeError('bad status=404 size=29440')
2026-03-25T21:01:00.877673 | https://vvtat.lrv.lt/data/public/uploads/2023/08/2023-06-29-nutarimas-nr.-10g-1443.pdf | RuntimeError('bad status=404 size=29440')
2026-03-25T21:01:03.734858 | https://vvtat.lrv.lt/data/public/uploads/2023/08/2023-06-29-nutarimas-nr.-10g-1444.pdf | RuntimeError('bad status=404 size=29440')
2026-03-25T21:01:08.632579 | https://vvtat.lrv.lt/data/public/uploads/2023/10/2023-06-29-nutarimas-nr.-10g-1456.pdf | RuntimeError('bad status=404 size=29440')
2026-03-25T21:01:14.770541 | https://vvtat.lrv.lt/data/public/uploads/2023/11/2023-06-30-nutarimas-nr.-10g-1469.pdf | RuntimeError('bad status=404 size=29440')
2026-03-25T21:01:23.740954 | https://vvtat.lrv.lt/data/public/uploads/2023/10/2023-06-30-nutarimas-nr.-10g-1477.pdf | RuntimeError('bad status=404 size=29440')
2026-03-25T21:01:27.818593 | https://vvtat.lrv.lt/data/public/uploads/2023/09/2023-06-30-nutarimas-nr.-10g-1482.pdf | RuntimeError('bad status=404 size=29440')
2026-03-25T21:01:33.081238 | https://vvtat.lrv.lt/data/public/uploads/2023/10/2023-06-30-nutarimas-nr.-10g-1485.pdf | RuntimeError('bad status=404 size=29440')
2026-03-25T21:01:38.080313 | https://vvtat.lrv.lt/data/public/uploads/2023/08/2023-06-30-nutarimas-nr.-10g-1486.pdf | RuntimeError('bad status=404 size=29440')
2026-03-25T21:01:42.022568 | https://vvtat.lrv.lt/data/public/uploads/2023/08/2023-07-03-nutarimas-nr.-10g-1504.pdf | RuntimeError('bad status=404 size=29440')
2026-03-25T21:01:47.698997 | https://vvtat.lrv.lt/data/public/uploads/2023/08/2023-07-05-nutarimas-nr.-10g-1517.pdf | RuntimeError('bad status=404 size=29440')
2026-03-25T21:01:52.289412 | https://vvtat.lrv.lt/data/public/uploads/2023/08/2023-07-05-nutarimas-nr.-10g-1518.pdf | RuntimeError('bad status=404 size=29440')
2026-03-25T21:01:58.290895 | https://vvtat.lrv.lt/data/public/uploads/2023/12/2023-07-10-nutarimas-nr.-10g-1526.pdf | RuntimeError('bad status=404 size=29440')
2026-03-25T21:02:03.007236 | https://vvtat.lrv.lt/data/public/uploads/2023/10/2023-07-11-nutarimas-nr.-10g-1528.pdf | RuntimeError('bad status=404 size=29440')
2026-03-25T21:02:06.477595 | https://vvtat.lrv.lt/data/public/uploads/2023/08/2023-07-12-nutarimas-nr.-10g-1542.pdf | RuntimeError('bad status=404 size=29440')
2026-03-25T21:02:10.608218 | https://vvtat.lrv.lt/data/public/uploads/2023/10/2023-07-12-nutarimas-nr.-10g-1543.pdf | RuntimeError('bad status=404 size=29440')
2026-03-25T21:02:16.186411 | https://vvtat.lrv.lt/data/public/uploads/2023/11/2023-07-18-nutarimas-nr.-10g-1567.pdf | RuntimeError('bad status=404 size=29440')
2026-03-25T21:02:20.347290 | https://vvtat.lrv.lt/data/public/uploads/2023/08/2023-07-18-nutarimas-nr.-10g-1570.pdf | RuntimeError('bad status=404 size=29440')
2026-03-25T21:02:24.916186 | https://vvtat.lrv.lt/data/public/uploads/2023/09/2023-07-18-nutarimas-nr.-10g-1571.pdf | RuntimeError('bad status=404 size=29440')
2026-03-25T21:02:30.722824 | https://vvtat.lrv.lt/data/public/uploads/2023/09/2023-07-20-nutarimas-nr.-10g-1592.pdf | RuntimeError('bad status=404 size=29440')
2026-03-25T21:02:33.480198 | https://vvtat.lrv.lt/data/public/uploads/2023/09/2023-07-20-nutarimas-nr.-10g-1595.pdf | RuntimeError('bad status=404 size=29440')
2026-03-25T21:02:38.412529 | https://vvtat.lrv.lt/data/public/uploads/2023/09/2023-07-21-nutarimas-nr.-10g-1603.pdf | RuntimeError('bad status=404 size=29440')
2026-03-25T21:02:44.022069 | https://vvtat.lrv.lt/data/public/uploads/2023/09/2023-07-24-nutarimas-nr.-10g-1617.pdf | RuntimeError('bad status=404 size=29440')
2026-03-25T21:02:48.431314 | https://vvtat.lrv.lt/data/public/uploads/2023/10/2023-07-24-nutarimas-nr.-10g-1618.pdf | RuntimeError('bad status=404 size=29440')
2026-03-25T21:02:52.492747 | https://vvtat.lrv.lt/data/public/uploads/2023/09/2023-07-26-nutarimas-nr.-10g-1635.pdf | RuntimeError('bad status=404 size=29440')
2026-03-25T21:02:55.452212 | https://vvtat.lrv.lt/data/public/uploads/2023/09/2023-07-26-nutarimas-nr.-10g-1636.pdf | RuntimeError('bad status=404 size=29440')
2026-03-25T21:02:59.686432 | https://vvtat.lrv.lt/data/public/uploads/2023/09/2023-07-28-nutarimas-nr.-10g-1658.pdf | RuntimeError('bad status=404 size=29440')
2026-03-25T21:03:03.191879 | https://vvtat.lrv.lt/data/public/uploads/2023/09/2023-07-28-nutarimas-nr.-10g-1661.pdf | RuntimeError('bad status=404 size=29440')
2026-03-25T21:03:05.564977 | https://vvtat.lrv.lt/data/public/uploads/2023/10/2023-07-31-nutarimas-nr.-10g-1678.pdf | RuntimeError('bad status=404 size=29440')
2026-03-25T21:03:10.199472 | https://vvtat.lrv.lt/data/public/uploads/2023/09/2023-07-31-nutarimas-nr.-10g-1679.pdf | RuntimeError('bad status=404 size=29440')
2026-03-25T21:03:15.509599 | https://vvtat.lrv.lt/data/public/uploads/2023/09/2023-08-01-nutarimas-nr.-10g-1684.pdf | RuntimeError('bad status=404 size=29440')
2026-03-25T21:03:21.653260 | https://vvtat.lrv.lt/data/public/uploads/2023/10/2023-08-03-nutarimas-nr.-10g-1705.pdf | RuntimeError('bad status=404 size=29440')
2026-03-25T21:03:27.525756 | https://vvtat.lrv.lt/data/public/uploads/2023/09/2023-08-03-nutarimas-nr.-10g-1706.pdf | RuntimeError('bad status=404 size=29440')
2026-03-25T21:03:31.923887 | https://vvtat.lrv.lt/data/public/uploads/2023/10/2023-08-03-nutarimas-nr.-10g-1712.pdf | RuntimeError('bad status=404 size=29440')
2026-03-25T21:03:36.937634 | https://vvtat.lrv.lt/data/public/uploads/2023/11/2023-08-04-nutarimas-nr.-10g-1729.pdf | RuntimeError('bad status=404 size=29440')
2026-03-25T21:03:40.705255 | https://vvtat.lrv.lt/data/public/uploads/2023/09/2023-08-07-nutarimas-nr.-10g-1738.pdf | RuntimeError('bad status=404 size=29440')
2026-03-25T21:03:44.851372 | https://vvtat.lrv.lt/data/public/uploads/2023/12/2023-08-07-nutarimas-nr.-10g-1741.pdf | RuntimeError('bad status=404 size=29440')
2026-03-25T21:03:49.506552 | https://vvtat.lrv.lt/data/public/uploads/2023/10/2023-08-08-nutarimas-nr.-10g-1747.pdf | RuntimeError('bad status=404 size=29440')
2026-03-25T21:03:53.848154 | https://vvtat.lrv.lt/data/public/uploads/2023/09/2023-08-08-nutarimas-nr.-10g-1751.pdf | RuntimeError('bad status=404 size=29440')
2026-03-25T21:03:59.276131 | https://vvtat.lrv.lt/data/public/uploads/2023/11/2023-08-09-nutarimas-nr.-10g-1759.pdf | RuntimeError('bad status=404 size=29440')
2026-03-25T21:04:01.721532 | https://vvtat.lrv.lt/data/public/uploads/2023/09/2023-08-10-nutarimas-nr.-10g-1778.pdf | RuntimeError('bad status=404 size=29440')
2026-03-25T21:04:06.981553 | https://vvtat.lrv.lt/data/public/uploads/2023/12/2023-08-10-nutarimas-nr.-10g-1779.pdf | RuntimeError('bad status=404 size=29440')
2026-03-25T21:04:15.471618 | https://vvtat.lrv.lt/data/public/uploads/2023/10/2023-08-17-nutarimas-nr.-10g-1807.pdf | RuntimeError('bad status=404 size=29440')
2026-03-25T21:04:18.631322 | https://vvtat.lrv.lt/data/public/uploads/2023/10/2023-08-18-nutarimas-nr.-10g-1831.pdf | RuntimeError('bad status=404 size=29440')
2026-03-25T21:04:27.615372 | https://vvtat.lrv.lt/data/public/uploads/2023/10/2023-08-22-nutarimas-nr.-10g-1852.pdf | RuntimeError('bad status=404 size=29440')
2026-03-25T21:04:33.098737 | https://vvtat.lrv.lt/data/public/uploads/2023/10/2023-08-22-nutarimas-nr.-10g-1860.pdf | RuntimeError('bad status=404 size=29440')
2026-03-25T21:04:38.968545 | https://vvtat.lrv.lt/data/public/uploads/2023/10/2023-08-23-nutarimas-nr.-10g-1866.pdf | RuntimeError('bad status=404 size=29440')
2026-03-25T21:04:43.353715 | https://vvtat.lrv.lt/data/public/uploads/2023/10/2023-08-23-nutarimas-nr.-10g-1870.pdf | RuntimeError('bad status=404 size=29440')
2026-03-25T21:04:48.849122 | https://vvtat.lrv.lt/data/public/uploads/2023/10/2023-08-24-nutarimas-nr.-10g-1890.pdf | RuntimeError('bad status=404 size=29440')
2026-03-25T21:04:54.655288 | https://vvtat.lrv.lt/data/public/uploads/2023/10/2023-08-25-nutarimas-nr.-10g-1903.pdf | RuntimeError('bad status=404 size=29440')
2026-03-25T21:04:57.011602 | https://vvtat.lrv.lt/data/public/uploads/2023/10/2023-08-25-nutarimas-nr.-10g-1904.pdf | RuntimeError('bad status=404 size=29440')
2026-03-25T21:05:01.095303 | https://vvtat.lrv.lt/data/public/uploads/2023/10/2023-08-28-nutarimas-nr.-10g-1907.pdf | RuntimeError('bad status=404 size=29440')
2026-03-25T21:05:05.027305 | https://vvtat.lrv.lt/data/public/uploads/2023/11/2023-08-28-nutarimas-nr.-10g-1908.pdf | RuntimeError('bad status=404 size=29440')
2026-03-25T21:05:08.325917 | https://vvtat.lrv.lt/data/public/uploads/2023/11/2023-08-28-nutarimas-nr.-10g-1909.pdf | RuntimeError('bad status=404 size=29440')
2026-03-25T21:05:11.024977 | https://vvtat.lrv.lt/data/public/uploads/2023/10/2023-08-29-nutarimas-nr.-10g-1922.pdf | RuntimeError('bad status=404 size=29440')
2026-03-25T21:05:16.664044 | https://vvtat.lrv.lt/data/public/uploads/2023/12/2023-08-30-nutarimas-nr.-10g-1941.pdf | RuntimeError('bad status=404 size=29440')
2026-03-25T21:05:21.151711 | https://vvtat.lrv.lt/data/public/uploads/2023/10/2023-08-31-nutarimas-nr.-10g-1946.pdf | RuntimeError('bad status=404 size=29440')
2026-03-25T21:05:24.633188 | https://vvtat.lrv.lt/data/public/uploads/2023/10/2023-08-31-nutarimas-nr-10g-1947.pdf | RuntimeError('bad status=404 size=29440')
2026-03-25T21:05:28.277386 | https://vvtat.lrv.lt/data/public/uploads/2023/10/2023-08-31-nutarimas-nr.-10g-1949.pdf | RuntimeError('bad status=404 size=29440')
2026-03-25T21:05:31.624876 | https://vvtat.lrv.lt/data/public/uploads/2023/10/2023-08-31-nutarimas-nr.-10g-1954.pdf | RuntimeError('bad status=404 size=29440')
2026-03-25T21:05:36.467792 | https://vvtat.lrv.lt/data/public/uploads/2023/11/2023-09-01-nutarimas-nr.-10g-1961.pdf | RuntimeError('bad status=404 size=29440')
2026-03-25T21:05:39.712573 | https://vvtat.lrv.lt/data/public/uploads/2023/10/2023-09-01-nutarimas-nr.-10g-1968.pdf | RuntimeError('bad status=404 size=29440')
2026-03-25T21:05:42.704304 | https://vvtat.lrv.lt/data/public/uploads/2023/10/2023-09-06-nutarimas-nr.-10g-2000.pdf | RuntimeError('bad status=404 size=29440')
2026-03-25T21:05:46.768893 | https://vvtat.lrv.lt/data/public/uploads/2023/11/2023-09-06-nutarimas-nr.-10g-2001.pdf | RuntimeError('bad status=404 size=29440')
2026-03-25T21:05:51.534625 | https://vvtat.lrv.lt/data/public/uploads/2023/10/2023-09-06-nutarimas-nr.-10g-2004.pdf | RuntimeError('bad status=404 size=29440')
2026-03-25T21:05:55.783162 | https://vvtat.lrv.lt/data/public/uploads/2023/10/2023-09-07-nutarimas-nr.-10g-2008.pdf | RuntimeError('bad status=404 size=29440')
2026-03-25T21:05:59.173190 | https://vvtat.lrv.lt/data/public/uploads/2023/10/2023-09-11-nutarimas-nr.-10g-2029.pdf | RuntimeError('bad status=404 size=29440')
2026-03-25T21:06:02.396300 | https://vvtat.lrv.lt/data/public/uploads/2023/10/2023-09-13-nutarimas-nr.-10g-2062.pdf | RuntimeError('bad status=404 size=29440')
2026-03-25T21:06:06.024114 | https://vvtat.lrv.lt/data/public/uploads/2023/11/2023-09-14-nutarimas-nr.-10g-2066.pdf | RuntimeError('bad status=404 size=29440')
2026-03-25T21:06:09.916552 | https://vvtat.lrv.lt/data/public/uploads/2023/11/2023-09-19-nutarimas-nr.-10g-2113.pdf | RuntimeError('bad status=404 size=29440')
2026-03-25T21:06:15.370110 | https://vvtat.lrv.lt/data/public/uploads/2023/11/2023-09-21-nutarimas-nr.-10g-2138.pdf | RuntimeError('bad status=404 size=29440')
2026-03-25T21:06:20.719330 | https://vvtat.lrv.lt/data/public/uploads/2023/11/2023-09-21-nutarimas-nr.-10g-2139.pdf | RuntimeError('bad status=404 size=29440')
2026-03-25T21:06:26.405794 | https://vvtat.lrv.lt/data/public/uploads/2023/11/2023-09-21-nutarimas-nr.-10g-2142.pdf | RuntimeError('bad status=404 size=29440')
2026-03-25T21:06:32.317895 | https://vvtat.lrv.lt/data/public/uploads/2023/12/2023-09-21-nutarimas-nr.-10g-2147.pdf | RuntimeError('bad status=404 size=29440')
2026-03-25T21:06:45.631249 | https://vvtat.lrv.lt/data/public/uploads/2023/11/2023-09-25-nutarimas-nr.-10g-2171.pdf | RuntimeError('bad status=404 size=29440')
2026-03-25T21:06:51.208238 | https://vvtat.lrv.lt/data/public/uploads/2023/11/2023-09-28-nutarimas-nr.-10g-2200.pdf | RuntimeError('bad status=404 size=29440')
2026-03-25T21:06:53.389736 | https://vvtat.lrv.lt/data/public/uploads/2023/10/2023-09-29-nutarimas-nr.-10g-2213.pdf | RuntimeError('bad status=404 size=29440')
2026-03-25T21:06:59.034083 | https://vvtat.lrv.lt/data/public/uploads/2023/11/2023-10-03-nutarimas-nr.-10g-2243.pdf | RuntimeError('bad status=404 size=29440')
2026-03-25T21:07:06.168119 | https://vvtat.lrv.lt/data/public/uploads/2023/12/2023-10-03-nutarimas-nr.-10g-2246.pdf | RuntimeError('bad status=404 size=29440')
2026-03-25T21:07:11.962143 | https://vvtat.lrv.lt/data/public/uploads/2023/11/2023-10-04-nutarimas-nr.-10g-2247.pdf | RuntimeError('bad status=404 size=29440')
2026-03-25T21:07:15.227363 | https://vvtat.lrv.lt/data/public/uploads/2023/11/2023-10-04-nutarimas-nr.-10g-2254.pdf | RuntimeError('bad status=404 size=29440')
2026-03-25T21:08:10.433459 | https://vvtat.lrv.lt/data/public/uploads/2023/11/d1_2023-10-23-nutarimas-nr.-10g-2411.pdf | RuntimeError('bad status=404 size=29440')
2026-03-25T21:08:13.385422 | https://vvtat.lrv.lt/uploads/2023/11/2023-10-23-nutarimas-nr.-10g-2413.pdf | RuntimeError('bad status=404 size=1044')
2026-03-25T21:08:29.246024 | https://vvtat.lrv.lt/uploads/2024/01/2023-11-03-nutarimas-nr.-10g-2495.pdf | RuntimeError('bad status=404 size=1044')
2026-03-25T21:08:35.524668 | https://vvtat.lrv.lt/uploads/2023/11/2023-11-10-nutarimas-nr.-10g-2567.pdf | RuntimeError('bad status=404 size=1044')
2026-03-25T21:09:15.684136 | https://vvtat.lrv.lt/uploads/2024/01/2023-11-27-nutarimas-nr.-10g-2734.pdf | RuntimeError('bad status=404 size=1044')
2026-03-25T21:09:40.173010 | https://vvtat.lrv.lt/uploads/2024/01/2023-11-29-nutarimas-nr.-10g-2783.pdf | RuntimeError('bad status=404 size=1044')
2026-03-25T21:12:18.138180 | https://vvtat.lrv.lt/media/viesa/saugykla/2024/4/9_QW-H5mcT4.pdf | RuntimeError('bad status=404 size=1044')
2026-03-25T21:31:53.980396 | https://vvtat.lrv.lt/uploads/2022/04/d1_2022-03-22-nutarimas-nr.-10g-125.pdf | RuntimeError('bad status=404 size=1044')
2026-03-25T21:34:05.911095 | https://vvtat.lrv.lt/uploads/2022/04/2022-03-28-nutarimas-nr.-10g-144.pdf | RuntimeError('bad status=404 size=1044')
2026-03-25T22:13:53.613027 | https://vvtat.lrv.lt/uploads/2023/01/d1_2022-11-15-nutarimas-nr.-10g-1439.pdf | RuntimeError('bad status=404 size=1044')
2026-03-25T22:15:54.540899 | https://vvtat.lrv.lt/uploads/2023/04/2022-11-25-nutarimas-nr.-10g-1516.pdf | RuntimeError('bad status=404 size=1044')
2026-03-25T22:16:20.684299 | https://vvtat.lrv.lt/uploads/2023/04/2022-11-25-nutarimas-nr.-10g-1529.pdf | RuntimeError('bad status=404 size=1044')
2026-03-25T22:17:45.473050 | https://vvtat.lrv.lt/uploads/2023/01/2022-11-30-nutarimas-nr.-10g-1558.pdf | RuntimeError('bad status=404 size=1044')
2026-03-25T22:18:12.585743 | https://vvtat.lrv.lt/uploads/2023/04/2022-12-01-nutarimas-nr.-10g-1592.pdf | RuntimeError('bad status=404 size=1044')
2026-03-25T22:18:35.156576 | https://vvtat.lrv.lt/uploads/2023/03/2022-12-02-nutarimas-nr.-10g-1602.pdf | RuntimeError('bad status=404 size=1044')
2026-03-25T22:18:46.988004 | https://vvtat.lrv.lt/uploads/2023/04/2022-12-05-nutarimas-nr.-10g-1607.pdf | RuntimeError('bad status=404 size=1044')
2026-03-25T22:19:15.128274 | https://vvtat.lrv.lt/uploads/2023/04/2022-12-06-nutarimas-nr.-10g-1620.pdf | RuntimeError('bad status=404 size=1044')
2026-03-25T22:19:46.941254 | https://vvtat.lrv.lt/uploads/2023/01/d1_2022-12-07-nutarimas-nr.-10g-1633.pdf | RuntimeError('bad status=404 size=1044')
2026-03-25T22:20:05.037070 | https://vvtat.lrv.lt/uploads/2023/04/2022-12-08-nutarimas-nr.-10g-1647.pdf | RuntimeError('bad status=404 size=1044')
2026-03-25T22:20:24.617073 | https://vvtat.lrv.lt/uploads/2023/03/2022-12-08-nutarimas-nr.-10g-1655.pdf | RuntimeError('bad status=404 size=1044')
2026-03-25T22:20:28.555888 | https://vvtat.lrv.lt/uploads/2023/03/2022-12-09-nutarimas-nr.-10g-1656.pdf | RuntimeError('bad status=404 size=1044')
2026-03-25T22:20:45.586901 | https://vvtat.lrv.lt/uploads/2023/03/2022-12-13-nutarimas-nr.-10g-1667.pdf | RuntimeError('bad status=404 size=1044')
2026-03-25T22:20:51.694380 | https://vvtat.lrv.lt/uploads/2023/03/2022-12-13-nutarimas-nr.-10g-1669.pdf | RuntimeError('bad status=404 size=1044')
2026-03-25T22:20:54.328066 | https://vvtat.lrv.lt/uploads/2023/03/2022-12-13-nutarimas-nr.-10g-1670.pdf | RuntimeError('bad status=404 size=1044')
2026-03-25T22:21:02.657502 | https://vvtat.lrv.lt/uploads/2023/03/2022-12-13-nutarimas-nr.-10g-1673.pdf | RuntimeError('bad status=404 size=1044')
2026-03-25T22:21:08.676855 | https://vvtat.lrv.lt/uploads/2023/03/2022-12-13-nutarimas-nr.-10g-1674.pdf | RuntimeError('bad status=404 size=1044')
2026-03-25T22:21:13.961931 | https://vvtat.lrv.lt/uploads/2023/03/2022-12-13-nutarimas-nr.-10g-1680.pdf | RuntimeError('bad status=404 size=1044')
2026-03-25T22:21:36.021975 | https://vvtat.lrv.lt/uploads/2023/04/2022-12-14-nutarimas-nr.-10g-1690.pdf | RuntimeError('bad status=404 size=1044')
2026-03-25T22:21:48.716504 | https://vvtat.lrv.lt/uploads/2023/04/2022-12-15-nutarimas-nr.-10g-1699.pdf | RuntimeError('bad status=404 size=1044')
2026-03-25T22:22:06.332121 | https://vvtat.lrv.lt/uploads/2023/04/2022-12-16-nutarimas-nr.-10g-1705.pdf | RuntimeError('bad status=404 size=1044')
2026-03-25T22:22:34.122962 | https://vvtat.lrv.lt/uploads/2023/03/2022-12-20-nutarimas-nr.-10g-1725.pdf | RuntimeError('bad status=404 size=1044')
2026-03-25T22:22:43.036611 | https://vvtat.lrv.lt/uploads/2023/03/2022-12-20-nutarimas-nr.-10g-1728.pdf | RuntimeError('bad status=404 size=1044')
2026-03-25T22:22:57.294238 | https://vvtat.lrv.lt/uploads/2023/03/2022-12-21-nutarimas-nr.-10g-1735.pdf | RuntimeError('bad status=404 size=1044')
2026-03-25T22:23:01.028141 | https://vvtat.lrv.lt/uploads/2023/03/2022-12-21-nutarimas-nr.-10g-1736.pdf | RuntimeError('bad status=404 size=1044')
2026-03-25T22:23:41.190364 | https://vvtat.lrv.lt/uploads/2023/04/2022-12-27-nutarimas-nr.-10g-1759.pdf | RuntimeError('bad status=404 size=1044')
2026-03-25T22:23:46.081432 | https://vvtat.lrv.lt/uploads/2023/04/2022-12-27-nutarimas-nr.-10g-1760.pdf | RuntimeError('bad status=404 size=1044')
2026-03-25T22:24:25.470609 | https://vvtat.lrv.lt/uploads/2023/04/2022-12-29-nutarimas-nr.-10g-1780.pdf | RuntimeError('bad status=404 size=1044')
2026-03-25T22:24:35.443377 | https://vvtat.lrv.lt/uploads/2023/04/2022-12-29-nutarimas-nr.-10g-1783.pdf | RuntimeError('bad status=404 size=1044')
2026-03-25T22:24:59.457576 | https://vvtat.lrv.lt/uploads/2023/04/2022-12-30-nutarimas-nr.-10g-1790.pdf | RuntimeError('bad status=404 size=1044')
2026-03-25T22:25:17.160762 | https://vvtat.lrv.lt/uploads/2022/10/2022-01-05-nutarimas-nr.-10e-3.pdf | RuntimeError('bad status=404 size=1044')
2026-03-25T22:25:19.651196 | https://vvtat.lrv.lt/uploads/2022/10/2022-01-11-nutarimas-nr.-10e-46.pdf | RuntimeError('bad status=404 size=1044')
2026-03-25T22:25:21.915300 | https://vvtat.lrv.lt/uploads/2022/10/2022-01-19-nutarimas-nr.-10e-146.pdf | RuntimeError('bad status=404 size=1044')
2026-03-25T22:25:25.924542 | https://vvtat.lrv.lt/uploads/2022/10/2022-04-14-nr.-10g-218.pdf | RuntimeError('bad status=404 size=1044')
2026-03-25T22:25:28.581079 | https://vvtat.lrv.lt/uploads/2022/10/2022-02-02-nutarimas-nr.-10e-272.pdf | RuntimeError('bad status=404 size=1044')
2026-03-25T22:25:32.566404 | https://vvtat.lrv.lt/uploads/2022/10/2022-02-08-nutarimas-nr.-10e-300.pdf | RuntimeError('bad status=404 size=1044')
2026-03-25T22:25:37.669551 | https://vvtat.lrv.lt/uploads/2022/12/2022-02-09-nutarimas-nr.-10e-309.pdf | RuntimeError('bad status=404 size=1044')
2026-03-25T22:25:40.562372 | https://vvtat.lrv.lt/uploads/2023/04/2022-02-17-nutarimas-nr.-10e-365.pdf | RuntimeError('bad status=404 size=1044')
2026-03-25T22:25:46.658579 | https://vvtat.lrv.lt/uploads/2022/10/2022-02-18-nutarimas-10e-379.pdf | RuntimeError('bad status=404 size=1044')
2026-03-25T22:25:50.029999 | https://vvtat.lrv.lt/uploads/2023/04/2022-03-08-nutarimas-nr.-10e-490.pdf | RuntimeError('bad status=404 size=1044')
2026-03-25T22:25:52.428881 | https://vvtat.lrv.lt/uploads/2023/04/2022-03-14-nutarimas-nr.-10e-508.pdf | RuntimeError('bad status=404 size=1044')
2026-03-25T22:25:55.853395 | https://vvtat.lrv.lt/uploads/2023/04/2022-03-28-nutarimas-nr.-10e-560.pdf | RuntimeError('bad status=404 size=1044')
2026-03-25T22:26:00.502067 | https://vvtat.lrv.lt/uploads/2023/04/2022-04-15-nutarimas-nr.-10e-607.pdf | RuntimeError('bad status=404 size=1044')
2026-03-25T22:26:05.355981 | https://vvtat.lrv.lt/uploads/2023/04/2022-04-22-nutarimas-nr.-10e-618.pdf | RuntimeError('bad status=404 size=1044')
2026-03-25T22:26:10.723448 | https://vvtat.lrv.lt/uploads/2023/04/2022-05-13-nutarimas-nr.-10e-675.pdf | RuntimeError('bad status=404 size=1044')
2026-03-25T22:26:20.653312 | https://vvtat.lrv.lt/uploads/2023/02/2022-12-08-nutarimas-nr.-10g-1640.pdf | RuntimeError('bad status=404 size=1044')
2026-03-25T22:26:24.993743 | https://vvtat.lrv.lt/uploads/2023/03/2022-12-13-nutarimas-nr.-10g-1677.pdf | RuntimeError('bad status=404 size=1044')
2026-03-25T22:26:30.420024 | https://vvtat.lrv.lt/uploads/2023/02/2022-12-21-nutarimas-nr.-10g-1734.pdf | RuntimeError('bad status=404 size=1044')
2026-03-25T22:26:35.274970 | https://vvtat.lrv.lt/uploads/2023/05/2022-12-22-nutarimas-nr.-10g-1746.pdf | RuntimeError('bad status=404 size=1044')
2026-03-25T22:26:37.889358 | https://vvtat.lrv.lt/uploads/2023/02/2022-12-27-nutarimas-nr.-10g-1764.pdf | RuntimeError('bad status=404 size=1044')
2026-03-25T22:26:42.465410 | https://vvtat.lrv.lt/uploads/2023/02/2022-12-27-nutarimas-nr.-10g-1765.pdf | RuntimeError('bad status=404 size=1044')
2026-03-25T22:26:47.593060 | https://vvtat.lrv.lt/uploads/2023/02/2022-12-30-nutarimas-nr.-10g-1795.pdf | RuntimeError('bad status=404 size=1044')
2026-03-25T22:47:35.889256 | https://vvtat.lrv.lt/uploads/2022/02/2021-11-30-nutarimas-nr.-10e-3059.pdf | RuntimeError('bad status=404 size=1044')
2026-03-25T22:55:32.726644 | https://vvtat.lrv.lt/uploads/2021/11/2021-08-17-nutarimas-nr.-10e-2095.pdf | RuntimeError('bad status=404 size=1044')
2026-03-25T22:55:36.475117 | https://vvtat.lrv.lt/uploads/2022/10/2021-12-10-nutarimas-nr.-10e-3169.pdf | RuntimeError('bad status=404 size=1044')
2026-03-25T22:55:38.928653 | https://vvtat.lrv.lt/uploads/2022/10/2021-12-14-nutarimas-nr.-10e-3184.pdf | RuntimeError('bad status=404 size=1044')
2026-03-25T22:55:41.075134 | https://vvtat.lrv.lt/uploads/2022/10/2021-12-14-nutarimas-nr.-10e-3186.pdf | RuntimeError('bad status=404 size=1044')
2026-03-25T22:55:45.985447 | https://vvtat.lrv.lt/uploads/2022/10/2021-12-17-nutarimas-nr.-10e-3214.pdf | RuntimeError('bad status=404 size=1044')
2026-03-25T22:55:49.818543 | https://vvtat.lrv.lt/uploads/2022/10/2021-12-23-nutarimas-nr.-10e-3282.pdf | RuntimeError('bad status=404 size=1044')
2026-04-02T19:54:05.236098 | https://vvtat.lrv.lt/uploads/2023/04/2023-03-14-nutarimas-nr.-10g-574.pdf | RuntimeError('bad status=404 size=1044')
2026-04-02T19:54:08.376989 | https://vvtat.lrv.lt/public/canonical/1721811827/34958/2023-04-20-nutarimas-nr.-10g-897.pdf | RuntimeError('bad status=404 size=29440')
2026-04-02T19:54:11.647749 | https://vvtat.lrv.lt/public/canonical/1721900447/35188/2023-05-12-nutarimas-nr.-10g-982.pdf | RuntimeError('bad status=404 size=29440')
2026-04-02T19:54:16.145731 | https://vvtat.lrv.lt/uploads/2023/06/2023-05-25-nutarimas-nr.-10g-1145.pdf | RuntimeError('bad status=404 size=1044')
2026-04-02T19:54:22.003693 | https://vvtat.lrv.lt/uploads/2023/09/2023-06-23-nutarimas-nr.-10g-1435.pdf | RuntimeError('bad status=404 size=1044')
2026-04-02T19:54:27.351025 | https://vvtat.lrv.lt/data/public/uploads/2023/02/2023-01-04-nutarimas-nr.-10g-2.pdf | RuntimeError('bad status=404 size=29440')
2026-04-02T19:54:31.074615 | https://vvtat.lrv.lt/data/public/uploads/2023/02/2023-01-11-nutarimas-nr.-10g-1.pdf | RuntimeError('bad status=404 size=29440')
2026-04-02T19:54:34.663816 | https://vvtat.lrv.lt/data/public/uploads/2023/02/2023-01-11-nutarimas-nr.-10g-3.pdf | RuntimeError('bad status=404 size=29440')
2026-04-02T19:54:37.552278 | https://vvtat.lrv.lt/data/public/uploads/2023/03/2023-01-11-nutarimas-nr.-10g-4.pdf | RuntimeError('bad status=404 size=29440')
2026-04-02T19:54:40.543100 | https://vvtat.lrv.lt/data/public/uploads/2023/02/2023-01-11-nutarimas-nr.-10g-8.pdf | RuntimeError('bad status=404 size=29440')
2026-04-02T19:54:43.270049 | https://vvtat.lrv.lt/data/public/uploads/2023/02/2023-01-11-nutarimas-nr.-10g-9.pdf | RuntimeError('bad status=404 size=29440')
2026-04-02T19:54:45.784130 | https://vvtat.lrv.lt/data/public/uploads/2023/02/2023-01-12-nutarimas-nr.-10g-10.pdf | RuntimeError('bad status=404 size=29440')
2026-04-02T19:54:51.615570 | https://vvtat.lrv.lt/data/public/uploads/2023/02/2023-01-12-nutarimas-nr.-10g-61.pdf | RuntimeError('bad status=404 size=29440')
2026-04-02T19:54:56.560343 | https://vvtat.lrv.lt/data/public/uploads/2023/02/2023-01-12-nutarimas-nr.-10g-65.pdf | RuntimeError('bad status=404 size=29440')
2026-04-02T19:55:00.562705 | https://vvtat.lrv.lt/data/public/uploads/2023/02/2023-01-12-nutarimas-nr.-10g-66.pdf | RuntimeError('bad status=404 size=29440')
2026-04-02T19:55:06.337525 | https://vvtat.lrv.lt/data/public/uploads/2023/02/2023-01-12-nutarimas-nr.-10g-67.pdf | RuntimeError('bad status=404 size=29440')
2026-04-02T19:55:10.199343 | https://vvtat.lrv.lt/data/public/uploads/2023/02/2023-01-12-nutarimas-nr.-10g-68.pdf | RuntimeError('bad status=404 size=29440')
2026-04-02T19:55:13.736611 | https://vvtat.lrv.lt/data/public/uploads/2023/07/2023-01-12-nutarimas-nr.-10g-71.pdf | RuntimeError('bad status=404 size=29440')
2026-04-02T19:55:17.915063 | https://vvtat.lrv.lt/data/public/uploads/2023/02/2023-01-12-nutarimas-nr.-10g-72.pdf | RuntimeError('bad status=404 size=29440')
2026-04-02T19:55:22.902448 | https://vvtat.lrv.lt/data/public/uploads/2023/02/2023-01-12-nutarimas-nr.-10g-74.pdf | RuntimeError('bad status=404 size=29440')
2026-04-02T19:55:26.925015 | https://vvtat.lrv.lt/data/public/uploads/2023/02/2023-01-13-nutarimas-nr.-10g-82.pdf | RuntimeError('bad status=404 size=29440')
2026-04-02T19:55:30.477644 | https://vvtat.lrv.lt/data/public/uploads/2023/09/2023-01-13-nutarimas-nr.-10g-84.pdf | RuntimeError('bad status=404 size=29440')
2026-04-02T19:55:35.001552 | https://vvtat.lrv.lt/data/public/uploads/2023/02/2023-01-12-nutarimas-nr.-10g-98.pdf | RuntimeError('bad status=404 size=29440')
2026-04-02T19:55:37.229143 | https://vvtat.lrv.lt/data/public/uploads/2023/02/2023-01-13-nutarimas-nr.-10g-86.pdf | RuntimeError('bad status=404 size=29440')
2026-04-02T19:55:40.530818 | https://vvtat.lrv.lt/data/public/uploads/2023/02/2023-01-13-nutarimas-nr.-10g-89.pdf | RuntimeError('bad status=404 size=29440')
2026-04-02T19:55:46.585683 | https://vvtat.lrv.lt/data/public/uploads/2023/07/2023-01-16-nutarimas-nr.-10g-92.pdf | RuntimeError('bad status=404 size=29440')
2026-04-02T19:55:50.049120 | https://vvtat.lrv.lt/data/public/uploads/2023/02/2023-01-17-nutarimas-nr.-10g-97.pdf | RuntimeError('bad status=404 size=29440')
2026-04-02T19:55:53.266709 | https://vvtat.lrv.lt/data/public/uploads/2023/02/2023-01-17-nutarimas-nr.-10g-110.pdf | RuntimeError('bad status=404 size=29440')
2026-04-02T19:55:58.211518 | https://vvtat.lrv.lt/data/public/uploads/2023/05/2023-01-18-nutarimas-nr.-10g-112.pdf | RuntimeError('bad status=404 size=29440')
2026-04-02T19:56:03.763496 | https://vvtat.lrv.lt/data/public/uploads/2023/03/2023-01-19-nutarimas-nr.-10g-126.pdf | RuntimeError('bad status=404 size=29440')
2026-04-02T19:56:06.901815 | https://vvtat.lrv.lt/data/public/uploads/2023/02/2023-01-19-nutarimas-nr.-10g-128.pdf | RuntimeError('bad status=404 size=29440')
2026-04-02T19:56:10.057179 | https://vvtat.lrv.lt/data/public/uploads/2023/07/2023-01-19-nutarimas-nr.-10g-129.pdf | RuntimeError('bad status=404 size=29440')
2026-04-02T19:56:12.967898 | https://vvtat.lrv.lt/data/public/uploads/2023/02/2023-01-19-nutarimas-nr.-10g-133.pdf | RuntimeError('bad status=404 size=29440')
2026-04-02T19:56:16.625846 | https://vvtat.lrv.lt/data/public/uploads/2023/03/2023-01-20-nutarimas-nr.-10g-144.pdf | RuntimeError('bad status=404 size=29440')
2026-04-02T19:56:18.828099 | https://vvtat.lrv.lt/data/public/uploads/2023/03/2023-01-24-nutarimas-nr.-10g-183.pdf | RuntimeError('bad status=404 size=29440')
2026-04-02T19:56:23.272083 | https://vvtat.lrv.lt/data/public/uploads/2023/03/2023-01-26-nutarimas-nr.-10g-192.pdf | RuntimeError('bad status=404 size=29440')
2026-04-02T19:56:26.371570 | https://vvtat.lrv.lt/data/public/uploads/2023/03/2023-01-26-nutarimas-nr.-10g-193.pdf | RuntimeError('bad status=404 size=29440')
2026-04-02T19:56:31.579554 | https://vvtat.lrv.lt/data/public/uploads/2023/03/2023-01-26-nutarimas-nr.-10g-204.pdf | RuntimeError('bad status=404 size=29440')
2026-04-02T19:56:35.496856 | https://vvtat.lrv.lt/data/public/uploads/2023/03/2023-01-26-nutarimas-nr.-10g-207.pdf | RuntimeError('bad status=404 size=29440')
2026-04-02T19:56:41.100349 | https://vvtat.lrv.lt/data/public/uploads/2023/03/2023-01-26-nutarimas-nr.-10g-208.pdf | RuntimeError('bad status=404 size=29440')
2026-04-02T19:56:43.577853 | https://vvtat.lrv.lt/data/public/uploads/2023/02/2023-01-27-nutarimas-nr.-10g-215.pdf | RuntimeError('bad status=404 size=29440')
2026-04-02T19:56:47.015701 | https://vvtat.lrv.lt/data/public/uploads/2023/02/2023-01-27-nutarimas-nr.-10g-216.pdf | RuntimeError('bad status=404 size=29440')
2026-04-02T19:56:49.654166 | https://vvtat.lrv.lt/data/public/uploads/2023/03/2023-01-27-nutarimas-nr.-10g-231.pdf | RuntimeError('bad status=404 size=29440')
2026-04-02T19:56:52.670834 | https://vvtat.lrv.lt/data/public/uploads/2023/11/2023-01-31-nutarimas-nr.-10g-255.pdf | RuntimeError('bad status=404 size=29440')
2026-04-02T19:56:57.529334 | https://vvtat.lrv.lt/data/public/uploads/2023/05/2023-01-31-nutarimas-nr.-10g-261.pdf | RuntimeError('bad status=404 size=29440')
2026-04-02T19:57:01.971022 | https://vvtat.lrv.lt/data/public/uploads/2023/03/2023-01-31-nutarimas-nr.-10g-262.pdf | RuntimeError('bad status=404 size=29440')
2026-04-02T19:57:06.417766 | https://vvtat.lrv.lt/data/public/uploads/2023/03/2023-02-01-nutarimas-nr.-10g-265.pdf | RuntimeError('bad status=404 size=29440')
2026-04-02T19:57:11.990331 | https://vvtat.lrv.lt/data/public/uploads/2023/03/2023-02-01-nutarimas-nr.-10g-267.pdf | RuntimeError('bad status=404 size=29440')
2026-04-02T19:57:17.505383 | https://vvtat.lrv.lt/data/public/uploads/2023/07/2023-02-02-nutarimas-nr.-10g-279.pdf | RuntimeError('bad status=404 size=29440')
2026-04-02T19:57:21.148720 | https://vvtat.lrv.lt/data/public/uploads/2023/03/2023-02-03-nutarimas-nr.-10g-280.pdf | RuntimeError('bad status=404 size=29440')
2026-04-02T19:57:25.507723 | https://vvtat.lrv.lt/data/public/uploads/2023/03/2023-02-03-nutarimas-nr.-10g-281.pdf | RuntimeError('bad status=404 size=29440')
2026-04-02T19:57:27.992634 | https://vvtat.lrv.lt/data/public/uploads/2023/03/2023-02-06-nutarimas-nr.-10g-291.pdf | RuntimeError('bad status=404 size=29440')
2026-04-02T19:57:30.718108 | https://vvtat.lrv.lt/data/public/uploads/2023/03/2023-02-07-nutarimas-nr.-10g-293.pdf | RuntimeError('bad status=404 size=29440')
2026-04-02T19:57:33.028800 | https://vvtat.lrv.lt/data/public/uploads/2023/03/2023-02-07-nutarimas-nr.-10g-294.pdf | RuntimeError('bad status=404 size=29440')
2026-04-02T19:57:37.250721 | https://vvtat.lrv.lt/data/public/uploads/2023/03/2023-02-07-nutarimas-nr.-10g-295.pdf | RuntimeError('bad status=404 size=29440')
2026-04-02T19:57:42.358896 | https://vvtat.lrv.lt/data/public/uploads/2023/03/2023-02-07-nutarimas-nr.-10g-300.pdf | RuntimeError('bad status=404 size=29440')
2026-04-02T19:57:46.737537 | https://vvtat.lrv.lt/data/public/uploads/2023/03/2023-02-08-nutarimas-nr.-10g-304.pdf | RuntimeError('bad status=404 size=29440')
2026-04-02T19:57:49.117005 | https://vvtat.lrv.lt/data/public/uploads/2023/05/2023-02-09-nutarimas-nr.-10g-313.pdf | RuntimeError('bad status=404 size=29440')
2026-04-02T19:57:53.370779 | https://vvtat.lrv.lt/data/public/uploads/2023/03/2023-02-10-nutarimas-nr.-10g-325.pdf | RuntimeError('bad status=404 size=29440')
2026-04-02T19:57:57.783843 | https://vvtat.lrv.lt/data/public/uploads/2023/03/2023-02-10-nutarimas-nr.-10g-329.pdf | RuntimeError('bad status=404 size=29440')
2026-04-02T19:58:00.144131 | https://vvtat.lrv.lt/data/public/uploads/2023/03/2023-02-13-nutarimas-nr.-10g-336.pdf | RuntimeError('bad status=404 size=29440')
2026-04-02T19:58:05.200880 | https://vvtat.lrv.lt/data/public/uploads/2023/03/2023-02-13-nutarimas-nr.-10g-337.pdf | RuntimeError('bad status=404 size=29440')
2026-04-02T19:58:11.589422 | https://vvtat.lrv.lt/data/public/uploads/2023/03/2023-02-14-nutarimas-nr.-10g-349.pdf | RuntimeError('bad status=404 size=29440')
2026-04-02T19:58:15.976056 | https://vvtat.lrv.lt/data/public/uploads/2023/03/2023-02-15-nutarimas-nr.-10g-358.pdf | RuntimeError('bad status=404 size=29440')
2026-04-02T19:58:18.606997 | https://vvtat.lrv.lt/data/public/uploads/2023/03/2023-02-15-nutarimas-nr.-10g-366.pdf | RuntimeError('bad status=404 size=29440')
2026-04-02T19:58:23.465138 | https://vvtat.lrv.lt/data/public/uploads/2023/03/2023-02-17-nutarimas-nr.-10g-377.pdf | RuntimeError('bad status=404 size=29440')
2026-04-02T19:58:25.775305 | https://vvtat.lrv.lt/data/public/uploads/2023/03/2023-02-21-nutarimas-nr.-10g-388.pdf | RuntimeError('bad status=404 size=29440')
2026-04-02T19:58:29.169255 | https://vvtat.lrv.lt/data/public/uploads/2023/05/2023-02-21-nutarimas-nr.-10g-389.pdf | RuntimeError('bad status=404 size=29440')
2026-04-02T19:58:34.595849 | https://vvtat.lrv.lt/data/public/uploads/2023/05/2023-02-21-nutarimas-nr.-10g-399.pdf | RuntimeError('bad status=404 size=29440')
2026-04-02T19:58:39.710811 | https://vvtat.lrv.lt/data/public/uploads/2023/03/2023-02-22-nutarimas-nr.-10g-402.pdf | RuntimeError('bad status=404 size=29440')
2026-04-02T19:58:42.430855 | https://vvtat.lrv.lt/data/public/uploads/2023/03/2023-02-22-nutarimas-nr.-10g-403.pdf | RuntimeError('bad status=404 size=29440')
2026-04-02T19:58:46.054257 | https://vvtat.lrv.lt/data/public/uploads/2023/04/2023-02-23-nutarimas-nr.-10g-427.pdf | RuntimeError('bad status=404 size=29440')
2026-04-02T19:58:50.304941 | https://vvtat.lrv.lt/data/public/uploads/2023/04/2023-02-23-nutarimas-nr.-10g-430.pdf | RuntimeError('bad status=404 size=29440')
2026-04-02T19:58:54.533135 | https://vvtat.lrv.lt/data/public/uploads/2023/03/2023-02-23-nutarimas-nr.-10g-431.pdf | RuntimeError('bad status=404 size=29440')
2026-04-02T19:58:59.726119 | https://vvtat.lrv.lt/data/public/uploads/2023/11/2023-02-23-nutarimas-nr.-10g-432.pdf | RuntimeError('bad status=404 size=29440')
2026-04-02T19:59:04.860309 | https://vvtat.lrv.lt/data/public/uploads/2023/05/2023-02-24-nutarimas-nr.-10g-443.pdf | RuntimeError('bad status=404 size=29440')
2026-04-02T19:59:10.502321 | https://vvtat.lrv.lt/data/public/uploads/2023/03/2023-02-24-nutarimas-nr.-10g-445.pdf | RuntimeError('bad status=404 size=29440')
2026-04-02T19:59:15.932994 | https://vvtat.lrv.lt/data/public/uploads/2023/03/2023-02-24-nutarimas-nr.-10g-446.pdf | RuntimeError('bad status=404 size=29440')
2026-04-02T19:59:19.895817 | https://vvtat.lrv.lt/data/public/uploads/2023/03/2023-02-24-nutarimas-nr.-10g-448.pdf | RuntimeError('bad status=404 size=29440')
2026-04-02T19:59:23.746230 | https://vvtat.lrv.lt/data/public/uploads/2023/04/2023-03-02-nutarimas-nr.-10g-474.pdf | RuntimeError('bad status=404 size=29440')
2026-04-02T19:59:27.391257 | https://vvtat.lrv.lt/data/public/uploads/2023/04/2023-03-02-nutarimas-nr.-10g-475.pdf | RuntimeError('bad status=404 size=29440')
2026-04-02T19:59:30.563468 | https://vvtat.lrv.lt/data/public/uploads/2023/04/2023-03-02-nutarimas-nr.-10g-476.pdf | RuntimeError('bad status=404 size=29440')
2026-04-02T19:59:33.683881 | https://vvtat.lrv.lt/data/public/uploads/2023/10/2023-03-02-nutarimas-nr.-10g-477.pdf | RuntimeError('bad status=404 size=29440')
2026-04-02T19:59:38.300830 | https://vvtat.lrv.lt/data/public/uploads/2023/05/2023-03-02-nutarimas-nr.-10g-481.pdf | RuntimeError('bad status=404 size=29440')
2026-04-02T19:59:41.235148 | https://vvtat.lrv.lt/data/public/uploads/2023/05/2023-03-02-nutarimas-nr.-10g-488.pdf | RuntimeError('bad status=404 size=29440')
2026-04-02T19:59:46.310326 | https://vvtat.lrv.lt/data/public/uploads/2023/05/2023-03-03-nutarimas-nr.-10g-491.pdf | RuntimeError('bad status=404 size=29440')
2026-04-02T19:59:50.687846 | https://vvtat.lrv.lt/data/public/uploads/2023/04/2023-03-07-nutarimas-nr.-10g-502.pdf | RuntimeError('bad status=404 size=29440')
2026-04-02T19:59:56.269371 | https://vvtat.lrv.lt/data/public/uploads/2023/04/2023-03-07-nutarimas-nr.-10g-503.pdf | RuntimeError('bad status=404 size=29440')
2026-04-02T20:00:01.855067 | https://vvtat.lrv.lt/data/public/uploads/2023/04/2023-03-07-nutarimas-nr.-10g-504.pdf | RuntimeError('bad status=404 size=29440')
2026-04-02T20:00:07.093319 | https://vvtat.lrv.lt/data/public/uploads/2023/04/2023-03-07-nutarimas-nr.-10g-505.pdf | RuntimeError('bad status=404 size=29440')
2026-04-02T20:00:12.559086 | https://vvtat.lrv.lt/data/public/uploads/2023/05/2023-03-07-nutarimas-nr.-10g-506.pdf | RuntimeError('bad status=404 size=29440')
2026-04-02T20:00:16.506414 | https://vvtat.lrv.lt/data/public/uploads/2023/04/2023-03-07-nutarimas-nr.-10g-520.pdf | RuntimeError('bad status=404 size=29440')
2026-04-02T20:00:19.681551 | https://vvtat.lrv.lt/data/public/uploads/2023/04/2023-03-08-nutarimas-nr.-10g-528.pdf | RuntimeError('bad status=404 size=29440')
2026-04-02T20:00:23.642646 | https://vvtat.lrv.lt/data/public/uploads/2023/03/2023-03-09-nutarimas-nr.-10g-531.pdf | RuntimeError('bad status=404 size=29440')
2026-04-02T20:00:28.985538 | https://vvtat.lrv.lt/data/public/uploads/2023/05/2023-03-09-nutarimas-nr.-10g-532.pdf | RuntimeError('bad status=404 size=29440')
2026-04-02T20:00:32.330228 | https://vvtat.lrv.lt/data/public/uploads/2023/04/2023-03-14-nutarimas-nr.-10g-534.pdf | RuntimeError('bad status=404 size=29440')
2026-04-02T20:00:36.265140 | https://vvtat.lrv.lt/data/public/uploads/2023/05/2023-03-14-nutarimas-nr.-10g-535.pdf | RuntimeError('bad status=404 size=29440')
2026-04-02T20:00:40.856188 | https://vvtat.lrv.lt/data/public/uploads/2023/05/2023-03-14-nutarimas-nr.-10g-537.pdf | RuntimeError('bad status=404 size=29440')
2026-04-02T20:00:45.670281 | https://vvtat.lrv.lt/data/public/uploads/2023/04/2023-03-14-nutarimas-nr.-10g-540.pdf | RuntimeError('bad status=404 size=29440')
2026-04-02T20:00:51.369096 | https://vvtat.lrv.lt/data/public/uploads/2023/04/2023-03-14-nutarimas-nr.-10g-541.pdf | RuntimeError('bad status=404 size=29440')
2026-04-02T20:00:56.691241 | https://vvtat.lrv.lt/data/public/uploads/2023/05/2023-03-14-nutarimas-nr.-10g-542.pdf | RuntimeError('bad status=404 size=29440')
2026-04-02T20:01:00.406668 | https://vvtat.lrv.lt/data/public/uploads/2023/05/2023-03-14-nutarimas-nr.-10g-546-003.pdf | RuntimeError('bad status=404 size=29440')
2026-04-02T20:01:04.333565 | https://vvtat.lrv.lt/data/public/uploads/2023/05/2023-03-14-nutarimas-nr.-10g-551.pdf | RuntimeError('bad status=404 size=29440')
2026-04-02T20:01:08.720156 | https://vvtat.lrv.lt/data/public/uploads/2023/04/2023-03-14-nutarimas-nr.-10g-552.pdf | RuntimeError('bad status=404 size=29440')
2026-04-02T20:01:11.916220 | https://vvtat.lrv.lt/data/public/uploads/2023/05/2023-03-14-nutarimas-nr.-10g-554.pdf | RuntimeError('bad status=404 size=29440')
2026-04-02T20:01:16.921994 | https://vvtat.lrv.lt/data/public/uploads/2023/05/2023-03-15-nutarimas-nr.-10g-591.pdf | RuntimeError('bad status=404 size=29440')
2026-04-02T20:01:21.287998 | https://vvtat.lrv.lt/data/public/uploads/2023/06/2023-03-15-nutarimas-nr.-10g-592.pdf | RuntimeError('bad status=404 size=29440')
2026-04-02T20:01:26.062983 | https://vvtat.lrv.lt/data/public/uploads/2023/05/2023-03-15-nutarimas-nr.-10g-593.pdf | RuntimeError('bad status=404 size=29440')
2026-04-02T20:01:28.676964 | https://vvtat.lrv.lt/data/public/uploads/2023/05/2023-03-15-nutarimas-nr.-10g-596.pdf | RuntimeError('bad status=404 size=29440')
2026-04-02T20:01:33.819334 | https://vvtat.lrv.lt/data/public/uploads/2023/11/2023-03-15-nutarimas-nr.-10g-602.pdf | RuntimeError('bad status=404 size=29440')
2026-04-02T20:01:36.893481 | https://vvtat.lrv.lt/data/public/uploads/2023/05/2023-03-16-nutarimas-nr.-10g-611.pdf | RuntimeError('bad status=404 size=29440')
2026-04-02T20:01:42.150669 | https://vvtat.lrv.lt/data/public/uploads/2023/04/2023-03-16-nutarimas-nr.-10g-613.pdf | RuntimeError('bad status=404 size=29440')
2026-04-02T20:01:46.229508 | https://vvtat.lrv.lt/data/public/uploads/2023/10/2023-03-20-nutarimas-nr.-10g-638.pdf | RuntimeError('bad status=404 size=29440')
2026-04-02T20:01:48.520758 | https://vvtat.lrv.lt/data/public/uploads/2023/05/2023-03-21-nutarimas-nr.-10g-642.pdf | RuntimeError('bad status=404 size=29440')
2026-04-02T20:01:50.923879 | https://vvtat.lrv.lt/data/public/uploads/2023/05/2023-03-21-nutarimas-nr.-10g-644.pdf | RuntimeError('bad status=404 size=29440')
2026-04-02T20:01:56.845876 | https://vvtat.lrv.lt/data/public/uploads/2023/05/2023-03-22-nutarimas-nr.-10g-659.pdf | RuntimeError('bad status=404 size=29440')
2026-04-02T20:02:02.812095 | https://vvtat.lrv.lt/data/public/uploads/2023/05/2023-03-22-nutarimas-nr.-10g-661.pdf | RuntimeError('bad status=404 size=29440')
2026-04-02T20:02:05.452001 | https://vvtat.lrv.lt/data/public/uploads/2023/05/2023-03-22-nutarimas-nr.-10g-663.pdf | RuntimeError('bad status=404 size=29440')
2026-04-02T20:02:09.112737 | https://vvtat.lrv.lt/data/public/uploads/2023/05/2023-03-22-nutarimas-nr.-10g-664.pdf | RuntimeError('bad status=404 size=29440')
2026-04-02T20:02:13.081492 | https://vvtat.lrv.lt/data/public/uploads/2023/05/2023-03-23-nutarimas-nr.-10g-673.pdf | RuntimeError('bad status=404 size=29440')
2026-04-02T20:02:16.417369 | https://vvtat.lrv.lt/data/public/uploads/2023/05/2023-03-23-nutarimas-nr.-10g-682.pdf | RuntimeError('bad status=404 size=29440')
2026-04-02T20:02:19.048283 | https://vvtat.lrv.lt/data/public/uploads/2023/05/2023-03-24-nutarimas-nr.-10g-685.pdf | RuntimeError('bad status=404 size=29440')
2026-04-02T20:02:22.399964 | https://vvtat.lrv.lt/data/public/uploads/2023/05/2023-03-24-nutarimas-nr.-10g-686.pdf | RuntimeError('bad status=404 size=29440')
2026-04-02T20:02:27.204143 | https://vvtat.lrv.lt/data/public/uploads/2023/05/2023-03-27-nutarimas-nr.-10g-697.pdf | RuntimeError('bad status=404 size=29440')
2026-04-02T20:02:32.096118 | https://vvtat.lrv.lt/data/public/uploads/2023/09/2023-03-27-nutarimas-nr.-10g-698.pdf | RuntimeError('bad status=404 size=29440')
2026-04-02T20:02:34.846051 | https://vvtat.lrv.lt/data/public/uploads/2023/10/2023-03-28-nutarimas-nr.-10g-704.pdf | RuntimeError('bad status=404 size=29440')
2026-04-02T20:02:38.190588 | https://vvtat.lrv.lt/data/public/uploads/2023/05/2023-03-28-nutarimas-nr.-10g-713.pdf | RuntimeError('bad status=404 size=29440')
2026-04-02T20:02:41.459092 | https://vvtat.lrv.lt/data/public/uploads/2023/05/2023-03-28-nutarimas-nr.-10g-714.pdf | RuntimeError('bad status=404 size=29440')
2026-04-02T20:02:45.575659 | https://vvtat.lrv.lt/data/public/uploads/2023/10/2023-03-29-nutarimas-nr.-10g-718.pdf | RuntimeError('bad status=404 size=29440')
2026-04-02T20:02:51.344110 | https://vvtat.lrv.lt/data/public/uploads/2023/05/2023-03-29-nutarimas-nr.-10g-721.pdf | RuntimeError('bad status=404 size=29440')
2026-04-02T20:02:57.059650 | https://vvtat.lrv.lt/data/public/uploads/2023/05/2023-03-29-nutarimas-nr.-10g-724.pdf | RuntimeError('bad status=404 size=29440')
2026-04-02T20:03:02.725522 | https://vvtat.lrv.lt/data/public/uploads/2023/12/2023-03-30-nutarimas-nr.-10g-733.pdf | RuntimeError('bad status=404 size=29440')
2026-04-02T20:03:07.163051 | https://vvtat.lrv.lt/data/public/uploads/2023/05/2023-03-31-nutarimas-nr.-10g-738.pdf | RuntimeError('bad status=404 size=29440')
2026-04-02T20:03:11.273396 | https://vvtat.lrv.lt/data/public/uploads/2023/05/2023-03-31-nutarimas-nr.-10g-741.pdf | RuntimeError('bad status=404 size=29440')
2026-04-02T20:03:14.991550 | https://vvtat.lrv.lt/data/public/uploads/2023/05/2023-03-31-nutarimas-nr.-10g-745.pdf | RuntimeError('bad status=404 size=29440')
2026-04-02T20:03:20.027608 | https://vvtat.lrv.lt/data/public/uploads/2023/06/2023-03-31-nutarimas-nr.-10g-746.pdf | RuntimeError('bad status=404 size=29440')
2026-04-02T20:03:23.042826 | https://vvtat.lrv.lt/data/public/uploads/2023/05/2023-04-04-nutarimas-nr.-10g-759.pdf | RuntimeError('bad status=404 size=29440')
2026-04-02T20:03:29.162536 | https://vvtat.lrv.lt/data/public/uploads/2023/06/2023-04-04-nutarimas-nr.-10g-760.pdf | RuntimeError('bad status=404 size=29440')
2026-04-02T20:03:33.039615 | https://vvtat.lrv.lt/data/public/uploads/2023/05/2023-04-04-nutarimas-nr.-10g-762.pdf | RuntimeError('bad status=404 size=29440')
2026-04-02T20:03:38.462059 | https://vvtat.lrv.lt/data/public/uploads/2023/05/2023-04-05-nutarimas-nr.-10g-771.pdf | RuntimeError('bad status=404 size=29440')
2026-04-02T20:03:41.464270 | https://vvtat.lrv.lt/data/public/uploads/2023/07/2023-04-05-nutarimas-nr.-10g-775.pdf | RuntimeError('bad status=404 size=29440')
2026-04-02T20:03:45.773354 | https://vvtat.lrv.lt/data/public/uploads/2023/05/2023-04-06-nutarimas-nr.-10g-791.pdf | RuntimeError('bad status=404 size=29440')
2026-04-02T20:03:48.036732 | https://vvtat.lrv.lt/data/public/uploads/2023/05/2023-04-06-nutarimas-nr.-10g-792.pdf | RuntimeError('bad status=404 size=29440')
2026-04-02T20:03:50.242484 | https://vvtat.lrv.lt/data/public/uploads/2023/05/2023-04-06-nutarimas-nr.-10g-794.pdf | RuntimeError('bad status=404 size=29440')
2026-04-02T20:03:55.166286 | https://vvtat.lrv.lt/data/public/uploads/2023/06/2023-04-07-nutarimas-nr.-10g-797.pdf | RuntimeError('bad status=404 size=29440')
2026-04-02T20:04:00.827767 | https://vvtat.lrv.lt/data/public/uploads/2023/05/2023-04-07-nutarimas-nr.-10g-798.pdf | RuntimeError('bad status=404 size=29440')
2026-04-02T20:04:04.029269 | https://vvtat.lrv.lt/data/public/uploads/2023/05/2023-04-11-nutarimas-nr.-10g-820.pdf | RuntimeError('bad status=404 size=29440')
2026-04-02T20:04:08.924928 | https://vvtat.lrv.lt/data/public/uploads/2023/05/2023-04-12-nutarimas-nr.-10g-821.pdf | RuntimeError('bad status=404 size=29440')
2026-04-02T20:04:12.069272 | https://vvtat.lrv.lt/data/public/uploads/2023/05/2023-04-13-nutarimas-nr.-10g-828.pdf | RuntimeError('bad status=404 size=29440')
2026-04-02T20:04:15.603555 | https://vvtat.lrv.lt/data/public/uploads/2023/10/2023-04-13-nutarimas-nr.-10g-830.pdf | RuntimeError('bad status=404 size=29440')
2026-04-02T20:04:17.953197 | https://vvtat.lrv.lt/data/public/uploads/2023/06/2023-04-14-nutarimas-nr.-10g-836.pdf | RuntimeError('bad status=404 size=29440')
2026-04-02T20:04:22.368312 | https://vvtat.lrv.lt/data/public/uploads/2023/10/2023-04-14-nutarimas-nr.-10g-839.pdf | RuntimeError('bad status=404 size=29440')
2026-04-02T20:04:25.122430 | https://vvtat.lrv.lt/data/public/uploads/2023/05/2023-04-18-nutarimas-nr.-10g-860.pdf | RuntimeError('bad status=404 size=29440')
2026-04-02T20:04:30.097798 | https://vvtat.lrv.lt/data/public/uploads/2023/05/2023-04-18-nutarimas-nr.-10g-866.pdf | RuntimeError('bad status=404 size=29440')
2026-04-02T20:04:33.539119 | https://vvtat.lrv.lt/data/public/uploads/2023/10/2023-04-18-nutarimas-nr.-10g-867.pdf | RuntimeError('bad status=404 size=29440')
2026-04-02T20:04:37.739210 | https://vvtat.lrv.lt/data/public/uploads/2023/06/2023-04-18-nutarimas-nr.-10g-9561.pdf | RuntimeError('bad status=404 size=29440')
2026-04-02T20:04:40.239388 | https://vvtat.lrv.lt/data/public/uploads/2023/05/2023-04-21-nutarimas-nr.-10g-900.pdf | RuntimeError('bad status=404 size=29440')
2026-04-02T20:04:43.412013 | https://vvtat.lrv.lt/data/public/uploads/2023/06/2023-04-21-nutarimas-nr.-10g-901.pdf | RuntimeError('bad status=404 size=29440')
2026-04-02T20:04:46.904625 | https://vvtat.lrv.lt/data/public/uploads/2023/05/2023-04-21-nutarimas-nr.-10g-902.pdf | RuntimeError('bad status=404 size=29440')
2026-04-02T20:04:52.187621 | https://vvtat.lrv.lt/data/public/uploads/2023/05/2023-04-21-nutarimas-nr.-10g-903.pdf | RuntimeError('bad status=404 size=29440')
2026-04-02T20:04:54.708461 | https://vvtat.lrv.lt/data/public/uploads/2023/05/2023-04-21-nutarimas-nr.-10g-904.pdf | RuntimeError('bad status=404 size=29440')
2026-04-02T20:04:57.719121 | https://vvtat.lrv.lt/data/public/uploads/2023/07/2023-04-21-nutarimas-nr.-10g-906.pdf | RuntimeError('bad status=404 size=29440')
2026-04-02T20:05:03.096333 | https://vvtat.lrv.lt/data/public/uploads/2023/05/2023-04-21-nutarimas-nr.-10g-909.pdf | RuntimeError('bad status=404 size=29440')
2026-04-02T20:05:06.501978 | https://vvtat.lrv.lt/data/public/uploads/2023/06/2023-04-21-nutarimas-nr.-10g-910.pdf | RuntimeError('bad status=404 size=29440')
2026-04-02T20:05:10.782342 | https://vvtat.lrv.lt/data/public/uploads/2023/11/2023-04-21-nutarimas-nr.-10g-911.pdf | RuntimeError('bad status=404 size=29440')
2026-04-02T20:05:15.489990 | https://vvtat.lrv.lt/data/public/uploads/2023/05/2023-04-21-nutarimas-nr.-10g-917.pdf | RuntimeError('bad status=404 size=29440')
2026-04-02T20:05:19.971680 | https://vvtat.lrv.lt/data/public/uploads/2023/07/2023-04-24-nutarimas-nr.-10g-926.pdf | RuntimeError('bad status=404 size=29440')
2026-04-02T20:05:23.334288 | https://vvtat.lrv.lt/data/public/uploads/2023/06/2023-04-26-nutarimas-nr.-10g-947.pdf | RuntimeError('bad status=404 size=29440')
2026-04-02T20:05:25.816079 | https://vvtat.lrv.lt/data/public/uploads/2023/10/2023-04-25-nutarimas-nr.-10g-954.pdf | RuntimeError('bad status=404 size=29440')
2026-04-02T20:05:28.148631 | https://vvtat.lrv.lt/data/public/uploads/2023/05/2023-04-28-nutarimas-nr.-10g-971.pdf | RuntimeError('bad status=404 size=29440')
2026-04-02T20:05:31.501954 | https://vvtat.lrv.lt/data/public/uploads/2023/05/2023-04-28-nutarimas-nr.-10g-972.pdf | RuntimeError('bad status=404 size=29440')
2026-04-02T20:05:35.888221 | https://vvtat.lrv.lt/data/public/uploads/2023/07/2023-05-02-nutarimas-nr.-10g-976.pdf | RuntimeError('bad status=404 size=29440')
2026-04-02T20:05:39.305705 | https://vvtat.lrv.lt/data/public/uploads/2023/06/2023-05-05-nutarimas-nr.-10g-994.pdf | RuntimeError('bad status=404 size=29440')
2026-04-02T20:05:44.365676 | https://vvtat.lrv.lt/data/public/uploads/2023/06/2023-05-05-nutarimas-nr.-10g-995.pdf | RuntimeError('bad status=404 size=29440')
2026-04-02T20:05:47.058252 | https://vvtat.lrv.lt/data/public/uploads/2023/06/2023-05-05-nutarimas-nr.-10g-996.pdf | RuntimeError('bad status=404 size=29440')
2026-04-02T20:05:51.783605 | https://vvtat.lrv.lt/data/public/uploads/2023/06/2023-05-05-nutarimas-nr.-10g-997.pdf | RuntimeError('bad status=404 size=29440')
2026-04-02T20:05:54.753054 | https://vvtat.lrv.lt/data/public/uploads/2023/06/2023-05-05-nutarimas-nr.-10g-1019.pdf | RuntimeError('bad status=404 size=29440')
2026-04-02T20:05:59.455927 | https://vvtat.lrv.lt/data/public/uploads/2023/06/2023-05-09-nutarimas-nr.-10g-1034.pdf | RuntimeError('bad status=404 size=29440')
2026-04-02T20:06:02.084487 | https://vvtat.lrv.lt/data/public/uploads/2023/06/2023-05-12-nutarimas-nr.-10g-1060.pdf | RuntimeError('bad status=404 size=29440')
2026-04-02T20:06:04.492971 | https://vvtat.lrv.lt/data/public/uploads/2023/07/2023-05-12-nutarimas-nr.-10g-1063.pdf | RuntimeError('bad status=404 size=29440')
2026-04-02T20:06:09.399961 | https://vvtat.lrv.lt/data/public/uploads/2023/06/2023-05-18-nutarimas-nr.-10g-1077.pdf | RuntimeError('bad status=404 size=29440')
2026-04-02T20:06:12.650794 | https://vvtat.lrv.lt/data/public/uploads/2023/06/2023-05-19-nutarimas-nr.-10g-1102.pdf | RuntimeError('bad status=404 size=29440')
2026-04-02T20:06:18.685096 | https://vvtat.lrv.lt/data/public/uploads/2023/11/2023-05-19-nutarimas-nr.-10g-1105.pdf | RuntimeError('bad status=404 size=29440')
2026-04-02T20:06:23.272786 | https://vvtat.lrv.lt/data/public/uploads/2023/10/2023-05-26-nutarimas-nr.-10g-1150.pdf | RuntimeError('bad status=404 size=29440')
2026-04-02T20:06:27.791392 | https://vvtat.lrv.lt/data/public/uploads/2023/06/2023-05-26-nutarimas-nr.-10g-1157.pdf | RuntimeError('bad status=404 size=29440')
2026-04-02T20:06:32.624199 | https://vvtat.lrv.lt/data/public/uploads/2023/06/2023-05-26-nutarimas-nr.-10g-1158.pdf | RuntimeError('bad status=404 size=29440')
2026-04-02T20:06:38.265660 | https://vvtat.lrv.lt/data/public/uploads/2023/10/2023-05-29-nutarimas-nr.-10g-1163.pdf | RuntimeError('bad status=404 size=29440')
2026-04-02T20:06:42.817904 | https://vvtat.lrv.lt/data/public/uploads/2023/07/2023-05-30-nutarimas-nr.-10g-1177.pdf | RuntimeError('bad status=404 size=29440')
2026-04-02T20:06:46.742904 | https://vvtat.lrv.lt/data/public/uploads/2023/09/2023-05-30-nutarimas-nr.-10g-1178.pdf | RuntimeError('bad status=404 size=29440')
2026-04-02T20:06:51.956231 | https://vvtat.lrv.lt/data/public/uploads/2023/12/2023-05-30-nutarimas-nr.-10g-1179.pdf | RuntimeError('bad status=404 size=29440')
2026-04-02T20:06:56.858523 | https://vvtat.lrv.lt/data/public/uploads/2023/07/2023-05-31-nutarimas-nr.-10g-1183.pdf | RuntimeError('bad status=404 size=29440')
2026-04-02T20:06:59.822787 | https://vvtat.lrv.lt/data/public/uploads/2023/12/2023-05-31-nutarimas-nr.-10g-1190.pdf | RuntimeError('bad status=404 size=29440')
2026-04-02T20:07:03.256967 | https://vvtat.lrv.lt/data/public/uploads/2023/07/2023-06-01-nutarimas-nr.-10g-1195.pdf | RuntimeError('bad status=404 size=29440')
2026-04-02T20:07:06.060281 | https://vvtat.lrv.lt/data/public/uploads/2023/07/2023-06-01-nutarimas-nr.-10g-1196.pdf | RuntimeError('bad status=404 size=29440')
2026-04-02T20:07:09.775300 | https://vvtat.lrv.lt/data/public/uploads/2023/07/2023-06-01-nutarimas-nr.-10g-1197.pdf | RuntimeError('bad status=404 size=29440')
2026-04-02T20:07:12.319920 | https://vvtat.lrv.lt/data/public/uploads/2023/07/2023-06-02-nutarimas-nr.-10g-1230.pdf | RuntimeError('bad status=404 size=29440')
2026-04-02T20:07:18.386447 | https://vvtat.lrv.lt/data/public/uploads/2023/09/2023-06-06-nutarimas-nr.-10g-1251.pdf | RuntimeError('bad status=404 size=29440')
2026-04-02T20:07:22.732452 | https://vvtat.lrv.lt/data/public/uploads/2023/07/2023-06-07-nutarimas-nr.-10g-1259.pdf | RuntimeError('bad status=404 size=29440')
2026-04-02T20:07:26.396256 | https://vvtat.lrv.lt/data/public/uploads/2023/10/2023-06-07-nutarimas-nr.-10g-1266.pdf | RuntimeError('bad status=404 size=29440')
2026-04-02T20:07:30.657547 | https://vvtat.lrv.lt/data/public/uploads/2023/07/2023-06-08-nutarimas-nr.-10g-1273.pdf | RuntimeError('bad status=404 size=29440')
2026-04-02T20:07:35.816466 | https://vvtat.lrv.lt/data/public/uploads/2023/10/2023-06-09-nutarimas-nr.-10g-1300.pdf | RuntimeError('bad status=404 size=29440')
2026-04-02T20:07:41.439913 | https://vvtat.lrv.lt/data/public/uploads/2023/09/2023-06-14-nutarimas-nr.-10g-1327.pdf | RuntimeError('bad status=404 size=29440')
2026-04-02T20:07:46.699770 | https://vvtat.lrv.lt/data/public/uploads/2023/10/2023-06-14-nutarimas-nr.-10g-1331.pdf | RuntimeError('bad status=404 size=29440')
2026-04-02T20:07:51.471391 | https://vvtat.lrv.lt/data/public/uploads/2023/10/2023-06-14-nutarimas-nr.-10g-1332.pdf | RuntimeError('bad status=404 size=29440')
2026-04-02T20:07:54.156916 | https://vvtat.lrv.lt/data/public/uploads/2023/09/2023-06-15-nutarimas-nr.-10g-1334.pdf | RuntimeError('bad status=404 size=29440')
2026-04-02T20:07:56.890526 | https://vvtat.lrv.lt/data/public/uploads/2023/09/2023-06-15-nutarimas-nr.-10g-1336.pdf | RuntimeError('bad status=404 size=29440')
2026-04-02T20:08:02.806562 | https://vvtat.lrv.lt/data/public/uploads/2023/10/2023-06-16-nutarimas-nr.-10g-1353.pdf | RuntimeError('bad status=404 size=29440')
2026-04-02T20:08:06.203252 | https://vvtat.lrv.lt/data/public/uploads/2023/07/2023-06-16-nutarimas-nr.-10g-1360.pdf | RuntimeError('bad status=404 size=29440')
2026-04-02T20:08:11.004935 | https://vvtat.lrv.lt/data/public/uploads/2023/11/2023-06-16-nutarimas-nr.-10g-1361.pdf | RuntimeError('bad status=404 size=29440')
2026-04-02T20:08:17.080365 | https://vvtat.lrv.lt/data/public/uploads/2023/10/2023-06-16-nutarimas-nr.-10g-1374.pdf | RuntimeError('bad status=404 size=29440')
2026-04-02T20:08:22.175369 | https://vvtat.lrv.lt/data/public/uploads/2023/10/2023-06-20-nutarimas-nr.-10g-1386.pdf | RuntimeError('bad status=404 size=29440')
2026-04-02T20:08:27.674272 | https://vvtat.lrv.lt/data/public/uploads/2023/09/2023-06-21-nutarimas-nr.-10g-1400.pdf | RuntimeError('bad status=404 size=29440')
2026-04-02T20:08:30.434943 | https://vvtat.lrv.lt/data/public/uploads/2023/10/2023-06-21-nutarimas-nr.-10g-1407.pdf | RuntimeError('bad status=404 size=29440')
2026-04-02T20:08:32.669212 | https://vvtat.lrv.lt/data/public/uploads/2023/08/2023-06-21-nutarimas-nr.-10g-1408.pdf | RuntimeError('bad status=404 size=29440')
2026-04-02T20:08:35.676996 | https://vvtat.lrv.lt/data/public/uploads/2023/08/2023-06-22-nutarimas-nr.-10g-1419.pdf | RuntimeError('bad status=404 size=29440')
2026-04-02T20:08:39.124009 | https://vvtat.lrv.lt/data/public/uploads/2023/11/2023-06-22-nutarimas-nr.-10g-1420.pdf | RuntimeError('bad status=404 size=29440')
2026-04-02T20:08:43.242078 | https://vvtat.lrv.lt/data/public/uploads/2023/11/2023-06-22-nutarimas-nr.-10g-1423.pdf | RuntimeError('bad status=404 size=29440')
2026-04-02T20:08:47.848913 | https://vvtat.lrv.lt/data/public/uploads/2023/08/2023-06-29-nutarimas-nr.-10g-1443.pdf | RuntimeError('bad status=404 size=29440')
2026-04-02T20:08:51.676165 | https://vvtat.lrv.lt/data/public/uploads/2023/08/2023-06-29-nutarimas-nr.-10g-1444.pdf | RuntimeError('bad status=404 size=29440')
2026-04-02T20:08:57.537831 | https://vvtat.lrv.lt/data/public/uploads/2023/10/2023-06-29-nutarimas-nr.-10g-1456.pdf | RuntimeError('bad status=404 size=29440')
2026-04-02T20:09:00.419679 | https://vvtat.lrv.lt/data/public/uploads/2023/11/2023-06-30-nutarimas-nr.-10g-1469.pdf | RuntimeError('bad status=404 size=29440')
2026-04-02T20:09:03.555294 | https://vvtat.lrv.lt/data/public/uploads/2023/10/2023-06-30-nutarimas-nr.-10g-1477.pdf | RuntimeError('bad status=404 size=29440')
2026-04-02T20:09:09.427429 | https://vvtat.lrv.lt/data/public/uploads/2023/09/2023-06-30-nutarimas-nr.-10g-1482.pdf | RuntimeError('bad status=404 size=29440')
2026-04-02T20:09:13.904704 | https://vvtat.lrv.lt/data/public/uploads/2023/10/2023-06-30-nutarimas-nr.-10g-1485.pdf | RuntimeError('bad status=404 size=29440')
2026-04-02T20:09:18.908642 | https://vvtat.lrv.lt/data/public/uploads/2023/08/2023-06-30-nutarimas-nr.-10g-1486.pdf | RuntimeError('bad status=404 size=29440')
2026-04-02T20:09:21.332963 | https://vvtat.lrv.lt/data/public/uploads/2023/08/2023-07-03-nutarimas-nr.-10g-1504.pdf | RuntimeError('bad status=404 size=29440')
2026-04-02T20:09:24.701941 | https://vvtat.lrv.lt/data/public/uploads/2023/08/2023-07-05-nutarimas-nr.-10g-1517.pdf | RuntimeError('bad status=404 size=29440')
2026-04-02T20:09:28.552275 | https://vvtat.lrv.lt/data/public/uploads/2023/08/2023-07-05-nutarimas-nr.-10g-1518.pdf | RuntimeError('bad status=404 size=29440')
2026-04-02T20:09:33.770837 | https://vvtat.lrv.lt/data/public/uploads/2023/12/2023-07-10-nutarimas-nr.-10g-1526.pdf | RuntimeError('bad status=404 size=29440')
2026-04-02T20:09:37.288617 | https://vvtat.lrv.lt/data/public/uploads/2023/10/2023-07-11-nutarimas-nr.-10g-1528.pdf | RuntimeError('bad status=404 size=29440')
2026-04-02T20:09:41.299374 | https://vvtat.lrv.lt/data/public/uploads/2023/08/2023-07-12-nutarimas-nr.-10g-1542.pdf | RuntimeError('bad status=404 size=29440')
2026-04-02T20:09:43.751955 | https://vvtat.lrv.lt/data/public/uploads/2023/10/2023-07-12-nutarimas-nr.-10g-1543.pdf | RuntimeError('bad status=404 size=29440')
2026-04-02T20:09:49.761457 | https://vvtat.lrv.lt/data/public/uploads/2023/11/2023-07-18-nutarimas-nr.-10g-1567.pdf | RuntimeError('bad status=404 size=29440')
2026-04-02T20:09:52.756413 | https://vvtat.lrv.lt/data/public/uploads/2023/08/2023-07-18-nutarimas-nr.-10g-1570.pdf | RuntimeError('bad status=404 size=29440')
2026-04-02T20:09:57.502665 | https://vvtat.lrv.lt/data/public/uploads/2023/09/2023-07-18-nutarimas-nr.-10g-1571.pdf | RuntimeError('bad status=404 size=29440')
2026-04-02T20:10:00.958381 | https://vvtat.lrv.lt/data/public/uploads/2023/09/2023-07-20-nutarimas-nr.-10g-1592.pdf | RuntimeError('bad status=404 size=29440')
2026-04-02T20:10:06.617329 | https://vvtat.lrv.lt/data/public/uploads/2023/09/2023-07-20-nutarimas-nr.-10g-1595.pdf | RuntimeError('bad status=404 size=29440')
2026-04-02T20:10:11.043434 | https://vvtat.lrv.lt/data/public/uploads/2023/09/2023-07-21-nutarimas-nr.-10g-1603.pdf | RuntimeError('bad status=404 size=29440')
2026-04-02T20:10:16.014561 | https://vvtat.lrv.lt/data/public/uploads/2023/09/2023-07-24-nutarimas-nr.-10g-1617.pdf | RuntimeError('bad status=404 size=29440')
2026-04-02T20:10:19.849839 | https://vvtat.lrv.lt/data/public/uploads/2023/10/2023-07-24-nutarimas-nr.-10g-1618.pdf | RuntimeError('bad status=404 size=29440')
2026-04-02T20:10:22.660988 | https://vvtat.lrv.lt/data/public/uploads/2023/09/2023-07-26-nutarimas-nr.-10g-1635.pdf | RuntimeError('bad status=404 size=29440')
2026-04-02T20:10:25.061488 | https://vvtat.lrv.lt/data/public/uploads/2023/09/2023-07-26-nutarimas-nr.-10g-1636.pdf | RuntimeError('bad status=404 size=29440')
2026-04-02T20:10:28.059190 | https://vvtat.lrv.lt/data/public/uploads/2023/09/2023-07-28-nutarimas-nr.-10g-1658.pdf | RuntimeError('bad status=404 size=29440')
2026-04-02T20:10:32.615536 | https://vvtat.lrv.lt/data/public/uploads/2023/09/2023-07-28-nutarimas-nr.-10g-1661.pdf | RuntimeError('bad status=404 size=29440')
2026-04-02T20:10:35.123561 | https://vvtat.lrv.lt/data/public/uploads/2023/10/2023-07-31-nutarimas-nr.-10g-1678.pdf | RuntimeError('bad status=404 size=29440')
2026-04-02T20:10:40.288061 | https://vvtat.lrv.lt/data/public/uploads/2023/09/2023-07-31-nutarimas-nr.-10g-1679.pdf | RuntimeError('bad status=404 size=29440')
2026-04-02T20:10:44.835937 | https://vvtat.lrv.lt/data/public/uploads/2023/09/2023-08-01-nutarimas-nr.-10g-1684.pdf | RuntimeError('bad status=404 size=29440')
2026-04-02T20:10:50.362810 | https://vvtat.lrv.lt/data/public/uploads/2023/10/2023-08-03-nutarimas-nr.-10g-1705.pdf | RuntimeError('bad status=404 size=29440')
2026-04-02T20:10:52.945975 | https://vvtat.lrv.lt/data/public/uploads/2023/09/2023-08-03-nutarimas-nr.-10g-1706.pdf | RuntimeError('bad status=404 size=29440')
2026-04-02T20:10:56.159869 | https://vvtat.lrv.lt/data/public/uploads/2023/10/2023-08-03-nutarimas-nr.-10g-1712.pdf | RuntimeError('bad status=404 size=29440')
2026-04-02T20:10:59.480700 | https://vvtat.lrv.lt/data/public/uploads/2023/11/2023-08-04-nutarimas-nr.-10g-1729.pdf | RuntimeError('bad status=404 size=29440')
2026-04-02T20:11:05.373981 | https://vvtat.lrv.lt/data/public/uploads/2023/09/2023-08-07-nutarimas-nr.-10g-1738.pdf | RuntimeError('bad status=404 size=29440')
2026-04-02T20:11:10.938404 | https://vvtat.lrv.lt/data/public/uploads/2023/12/2023-08-07-nutarimas-nr.-10g-1741.pdf | RuntimeError('bad status=404 size=29440')
2026-04-02T20:11:14.494187 | https://vvtat.lrv.lt/data/public/uploads/2023/10/2023-08-08-nutarimas-nr.-10g-1747.pdf | RuntimeError('bad status=404 size=29440')
2026-04-02T20:11:18.733909 | https://vvtat.lrv.lt/data/public/uploads/2023/09/2023-08-08-nutarimas-nr.-10g-1751.pdf | RuntimeError('bad status=404 size=29440')
2026-04-02T20:11:24.076668 | https://vvtat.lrv.lt/data/public/uploads/2023/11/2023-08-09-nutarimas-nr.-10g-1759.pdf | RuntimeError('bad status=404 size=29440')
2026-04-02T20:11:27.691190 | https://vvtat.lrv.lt/data/public/uploads/2023/09/2023-08-10-nutarimas-nr.-10g-1778.pdf | RuntimeError('bad status=404 size=29440')
2026-04-02T20:11:30.163100 | https://vvtat.lrv.lt/data/public/uploads/2023/12/2023-08-10-nutarimas-nr.-10g-1779.pdf | RuntimeError('bad status=404 size=29440')
2026-04-02T20:11:35.477610 | https://vvtat.lrv.lt/data/public/uploads/2023/10/2023-08-17-nutarimas-nr.-10g-1807.pdf | RuntimeError('bad status=404 size=29440')
2026-04-02T20:11:39.493725 | https://vvtat.lrv.lt/data/public/uploads/2023/10/2023-08-18-nutarimas-nr.-10g-1831.pdf | RuntimeError('bad status=404 size=29440')
2026-04-02T20:11:43.721438 | https://vvtat.lrv.lt/data/public/uploads/2023/10/2023-08-22-nutarimas-nr.-10g-1852.pdf | RuntimeError('bad status=404 size=29440')
2026-04-02T20:11:46.736141 | https://vvtat.lrv.lt/data/public/uploads/2023/10/2023-08-22-nutarimas-nr.-10g-1860.pdf | RuntimeError('bad status=404 size=29440')
2026-04-02T20:11:50.971249 | https://vvtat.lrv.lt/data/public/uploads/2023/10/2023-08-23-nutarimas-nr.-10g-1866.pdf | RuntimeError('bad status=404 size=29440')
2026-04-02T20:11:54.377680 | https://vvtat.lrv.lt/data/public/uploads/2023/10/2023-08-23-nutarimas-nr.-10g-1870.pdf | RuntimeError('bad status=404 size=29440')
2026-04-02T20:11:56.726861 | https://vvtat.lrv.lt/data/public/uploads/2023/10/2023-08-24-nutarimas-nr.-10g-1890.pdf | RuntimeError('bad status=404 size=29440')
2026-04-02T20:12:02.686216 | https://vvtat.lrv.lt/data/public/uploads/2023/10/2023-08-25-nutarimas-nr.-10g-1903.pdf | RuntimeError('bad status=404 size=29440')
2026-04-02T20:12:07.155950 | https://vvtat.lrv.lt/data/public/uploads/2023/10/2023-08-25-nutarimas-nr.-10g-1904.pdf | RuntimeError('bad status=404 size=29440')
2026-04-02T20:12:13.183597 | https://vvtat.lrv.lt/data/public/uploads/2023/10/2023-08-28-nutarimas-nr.-10g-1907.pdf | RuntimeError('bad status=404 size=29440')
2026-04-02T20:12:16.353730 | https://vvtat.lrv.lt/data/public/uploads/2023/11/2023-08-28-nutarimas-nr.-10g-1908.pdf | RuntimeError('bad status=404 size=29440')
2026-04-02T20:12:19.423363 | https://vvtat.lrv.lt/data/public/uploads/2023/11/2023-08-28-nutarimas-nr.-10g-1909.pdf | RuntimeError('bad status=404 size=29440')
2026-04-02T20:12:25.392521 | https://vvtat.lrv.lt/data/public/uploads/2023/10/2023-08-29-nutarimas-nr.-10g-1922.pdf | RuntimeError('bad status=404 size=29440')
2026-04-02T20:12:27.843883 | https://vvtat.lrv.lt/data/public/uploads/2023/12/2023-08-30-nutarimas-nr.-10g-1941.pdf | RuntimeError('bad status=404 size=29440')
2026-04-02T20:12:31.703621 | https://vvtat.lrv.lt/data/public/uploads/2023/10/2023-08-31-nutarimas-nr.-10g-1946.pdf | RuntimeError('bad status=404 size=29440')
2026-04-02T20:12:36.334402 | https://vvtat.lrv.lt/data/public/uploads/2023/10/2023-08-31-nutarimas-nr-10g-1947.pdf | RuntimeError('bad status=404 size=29440')
2026-04-02T20:12:41.535306 | https://vvtat.lrv.lt/data/public/uploads/2023/10/2023-08-31-nutarimas-nr.-10g-1949.pdf | RuntimeError('bad status=404 size=29440')
2026-04-02T20:12:46.423560 | https://vvtat.lrv.lt/data/public/uploads/2023/10/2023-08-31-nutarimas-nr.-10g-1954.pdf | RuntimeError('bad status=404 size=29440')
2026-04-02T20:12:52.577639 | https://vvtat.lrv.lt/data/public/uploads/2023/11/2023-09-01-nutarimas-nr.-10g-1961.pdf | RuntimeError('bad status=404 size=29440')
2026-04-02T20:12:55.472900 | https://vvtat.lrv.lt/data/public/uploads/2023/10/2023-09-01-nutarimas-nr.-10g-1968.pdf | RuntimeError('bad status=404 size=29440')
2026-04-02T20:12:57.935566 | https://vvtat.lrv.lt/data/public/uploads/2023/10/2023-09-06-nutarimas-nr.-10g-2000.pdf | RuntimeError('bad status=404 size=29440')
2026-04-02T20:13:03.473996 | https://vvtat.lrv.lt/data/public/uploads/2023/11/2023-09-06-nutarimas-nr.-10g-2001.pdf | RuntimeError('bad status=404 size=29440')
2026-04-02T20:13:06.737344 | https://vvtat.lrv.lt/data/public/uploads/2023/10/2023-09-06-nutarimas-nr.-10g-2004.pdf | RuntimeError('bad status=404 size=29440')
2026-04-02T20:13:10.141983 | https://vvtat.lrv.lt/data/public/uploads/2023/10/2023-09-07-nutarimas-nr.-10g-2008.pdf | RuntimeError('bad status=404 size=29440')
2026-04-02T20:13:13.236240 | https://vvtat.lrv.lt/data/public/uploads/2023/10/2023-09-11-nutarimas-nr.-10g-2029.pdf | RuntimeError('bad status=404 size=29440')
2026-04-02T20:13:19.289759 | https://vvtat.lrv.lt/data/public/uploads/2023/10/2023-09-13-nutarimas-nr.-10g-2062.pdf | RuntimeError('bad status=404 size=29440')
2026-04-02T20:13:22.764949 | https://vvtat.lrv.lt/data/public/uploads/2023/11/2023-09-14-nutarimas-nr.-10g-2066.pdf | RuntimeError('bad status=404 size=29440')
2026-04-02T20:13:27.828520 | https://vvtat.lrv.lt/data/public/uploads/2023/11/2023-09-19-nutarimas-nr.-10g-2113.pdf | RuntimeError('bad status=404 size=29440')
2026-04-02T20:13:33.806083 | https://vvtat.lrv.lt/data/public/uploads/2023/11/2023-09-21-nutarimas-nr.-10g-2138.pdf | RuntimeError('bad status=404 size=29440')
2026-04-02T20:13:39.196311 | https://vvtat.lrv.lt/data/public/uploads/2023/11/2023-09-21-nutarimas-nr.-10g-2139.pdf | RuntimeError('bad status=404 size=29440')
2026-04-02T20:13:45.242403 | https://vvtat.lrv.lt/data/public/uploads/2023/11/2023-09-21-nutarimas-nr.-10g-2142.pdf | RuntimeError('bad status=404 size=29440')
2026-04-02T20:13:49.545705 | https://vvtat.lrv.lt/data/public/uploads/2023/12/2023-09-21-nutarimas-nr.-10g-2147.pdf | RuntimeError('bad status=404 size=29440')
2026-04-02T20:13:55.810531 | https://vvtat.lrv.lt/data/public/uploads/2023/11/2023-09-25-nutarimas-nr.-10g-2171.pdf | RuntimeError('bad status=404 size=29440')
2026-04-02T20:14:01.957755 | https://vvtat.lrv.lt/data/public/uploads/2023/11/2023-09-28-nutarimas-nr.-10g-2200.pdf | RuntimeError('bad status=404 size=29440')
2026-04-02T20:14:06.915662 | https://vvtat.lrv.lt/data/public/uploads/2023/10/2023-09-29-nutarimas-nr.-10g-2213.pdf | RuntimeError('bad status=404 size=29440')
2026-04-02T20:14:12.778532 | https://vvtat.lrv.lt/data/public/uploads/2023/11/2023-10-03-nutarimas-nr.-10g-2243.pdf | RuntimeError('bad status=404 size=29440')
2026-04-02T20:14:15.422569 | https://vvtat.lrv.lt/data/public/uploads/2023/12/2023-10-03-nutarimas-nr.-10g-2246.pdf | RuntimeError('bad status=404 size=29440')
2026-04-02T20:14:19.144955 | https://vvtat.lrv.lt/data/public/uploads/2023/11/2023-10-04-nutarimas-nr.-10g-2247.pdf | RuntimeError('bad status=404 size=29440')
2026-04-02T20:14:23.295348 | https://vvtat.lrv.lt/data/public/uploads/2023/11/2023-10-04-nutarimas-nr.-10g-2254.pdf | RuntimeError('bad status=404 size=29440')
2026-04-02T20:14:27.026942 | https://vvtat.lrv.lt/data/public/uploads/2023/11/d1_2023-10-23-nutarimas-nr.-10g-2411.pdf | RuntimeError('bad status=404 size=29440')
2026-04-02T20:14:29.224869 | https://vvtat.lrv.lt/uploads/2023/11/2023-10-23-nutarimas-nr.-10g-2413.pdf | RuntimeError('bad status=404 size=1044')
2026-04-02T20:14:34.985648 | https://vvtat.lrv.lt/uploads/2024/01/2023-11-03-nutarimas-nr.-10g-2495.pdf | RuntimeError('bad status=404 size=1044')
2026-04-02T20:14:40.118029 | https://vvtat.lrv.lt/uploads/2023/11/2023-11-10-nutarimas-nr.-10g-2567.pdf | RuntimeError('bad status=404 size=1044')
2026-04-02T20:14:43.736411 | https://vvtat.lrv.lt/uploads/2024/01/2023-11-27-nutarimas-nr.-10g-2734.pdf | RuntimeError('bad status=404 size=1044')
2026-04-02T20:14:46.710292 | https://vvtat.lrv.lt/uploads/2024/01/2023-11-29-nutarimas-nr.-10g-2783.pdf | RuntimeError('bad status=404 size=1044')
2026-04-02T20:14:49.362948 | https://vvtat.lrv.lt/media/viesa/saugykla/2024/4/9_QW-H5mcT4.pdf | RuntimeError('bad status=404 size=1044')
2026-04-02T20:14:53.322237 | https://vvtat.lrv.lt/uploads/2022/04/d1_2022-03-22-nutarimas-nr.-10g-125.pdf | RuntimeError('bad status=404 size=1044')
2026-04-02T20:14:58.232278 | https://vvtat.lrv.lt/uploads/2022/04/2022-03-28-nutarimas-nr.-10g-144.pdf | RuntimeError('bad status=404 size=1044')
2026-04-02T20:15:00.746142 | https://vvtat.lrv.lt/uploads/2023/01/d1_2022-11-15-nutarimas-nr.-10g-1439.pdf | RuntimeError('bad status=404 size=1044')
2026-04-02T20:15:05.124281 | https://vvtat.lrv.lt/uploads/2023/04/2022-11-25-nutarimas-nr.-10g-1516.pdf | RuntimeError('bad status=404 size=1044')
2026-04-02T20:15:08.545256 | https://vvtat.lrv.lt/uploads/2023/04/2022-11-25-nutarimas-nr.-10g-1529.pdf | RuntimeError('bad status=404 size=1044')
2026-04-02T20:15:13.185556 | https://vvtat.lrv.lt/uploads/2023/01/2022-11-30-nutarimas-nr.-10g-1558.pdf | RuntimeError('bad status=404 size=1044')
2026-04-02T20:15:19.184414 | https://vvtat.lrv.lt/uploads/2023/04/2022-12-01-nutarimas-nr.-10g-1592.pdf | RuntimeError('bad status=404 size=1044')
2026-04-02T20:15:23.347670 | https://vvtat.lrv.lt/uploads/2023/03/2022-12-02-nutarimas-nr.-10g-1602.pdf | RuntimeError('bad status=404 size=1044')
2026-04-02T20:15:28.677459 | https://vvtat.lrv.lt/uploads/2023/04/2022-12-05-nutarimas-nr.-10g-1607.pdf | RuntimeError('bad status=404 size=1044')
2026-04-02T20:15:34.617063 | https://vvtat.lrv.lt/uploads/2023/04/2022-12-06-nutarimas-nr.-10g-1620.pdf | RuntimeError('bad status=404 size=1044')
2026-04-02T20:15:39.563216 | https://vvtat.lrv.lt/uploads/2023/01/d1_2022-12-07-nutarimas-nr.-10g-1633.pdf | RuntimeError('bad status=404 size=1044')
2026-04-02T20:15:42.341412 | https://vvtat.lrv.lt/uploads/2023/04/2022-12-08-nutarimas-nr.-10g-1647.pdf | RuntimeError('bad status=404 size=1044')
2026-04-02T20:15:45.204511 | https://vvtat.lrv.lt/uploads/2023/03/2022-12-08-nutarimas-nr.-10g-1655.pdf | RuntimeError('bad status=404 size=1044')
2026-04-02T20:15:48.551607 | https://vvtat.lrv.lt/uploads/2023/03/2022-12-09-nutarimas-nr.-10g-1656.pdf | RuntimeError('bad status=404 size=1044')
2026-04-02T20:15:51.704747 | https://vvtat.lrv.lt/uploads/2023/03/2022-12-13-nutarimas-nr.-10g-1667.pdf | RuntimeError('bad status=404 size=1044')
2026-04-02T20:15:57.246197 | https://vvtat.lrv.lt/uploads/2023/03/2022-12-13-nutarimas-nr.-10g-1669.pdf | RuntimeError('bad status=404 size=1044')
2026-04-02T20:15:59.461376 | https://vvtat.lrv.lt/uploads/2023/03/2022-12-13-nutarimas-nr.-10g-1670.pdf | RuntimeError('bad status=404 size=1044')
2026-04-02T20:16:03.864850 | https://vvtat.lrv.lt/uploads/2023/03/2022-12-13-nutarimas-nr.-10g-1673.pdf | RuntimeError('bad status=404 size=1044')
2026-04-02T20:16:08.598179 | https://vvtat.lrv.lt/uploads/2023/03/2022-12-13-nutarimas-nr.-10g-1674.pdf | RuntimeError('bad status=404 size=1044')
2026-04-02T20:16:12.061315 | https://vvtat.lrv.lt/uploads/2023/03/2022-12-13-nutarimas-nr.-10g-1680.pdf | RuntimeError('bad status=404 size=1044')
2026-04-02T20:16:15.412201 | https://vvtat.lrv.lt/uploads/2023/04/2022-12-14-nutarimas-nr.-10g-1690.pdf | RuntimeError('bad status=404 size=1044')
2026-04-02T20:16:18.837669 | https://vvtat.lrv.lt/uploads/2023/04/2022-12-15-nutarimas-nr.-10g-1699.pdf | RuntimeError('bad status=404 size=1044')
2026-04-02T20:16:24.746496 | https://vvtat.lrv.lt/uploads/2023/04/2022-12-16-nutarimas-nr.-10g-1705.pdf | RuntimeError('bad status=404 size=1044')
2026-04-02T20:16:29.017947 | https://vvtat.lrv.lt/uploads/2023/03/2022-12-20-nutarimas-nr.-10g-1725.pdf | RuntimeError('bad status=404 size=1044')
2026-04-02T20:16:34.383373 | https://vvtat.lrv.lt/uploads/2023/03/2022-12-20-nutarimas-nr.-10g-1728.pdf | RuntimeError('bad status=404 size=1044')
2026-04-02T20:16:37.383013 | https://vvtat.lrv.lt/uploads/2023/03/2022-12-21-nutarimas-nr.-10g-1735.pdf | RuntimeError('bad status=404 size=1044')
2026-04-02T20:16:41.465576 | https://vvtat.lrv.lt/uploads/2023/03/2022-12-21-nutarimas-nr.-10g-1736.pdf | RuntimeError('bad status=404 size=1044')
2026-04-02T20:16:46.089049 | https://vvtat.lrv.lt/uploads/2023/04/2022-12-27-nutarimas-nr.-10g-1759.pdf | RuntimeError('bad status=404 size=1044')
2026-04-02T20:16:51.636606 | https://vvtat.lrv.lt/uploads/2023/04/2022-12-27-nutarimas-nr.-10g-1760.pdf | RuntimeError('bad status=404 size=1044')
2026-04-02T20:16:55.143092 | https://vvtat.lrv.lt/uploads/2023/04/2022-12-29-nutarimas-nr.-10g-1780.pdf | RuntimeError('bad status=404 size=1044')
2026-04-02T20:17:00.341600 | https://vvtat.lrv.lt/uploads/2023/04/2022-12-29-nutarimas-nr.-10g-1783.pdf | RuntimeError('bad status=404 size=1044')
2026-04-02T20:17:05.653391 | https://vvtat.lrv.lt/uploads/2023/04/2022-12-30-nutarimas-nr.-10g-1790.pdf | RuntimeError('bad status=404 size=1044')
2026-04-02T20:17:10.197215 | https://vvtat.lrv.lt/uploads/2022/10/2022-01-05-nutarimas-nr.-10e-3.pdf | RuntimeError('bad status=404 size=1044')
2026-04-02T20:17:14.671799 | https://vvtat.lrv.lt/uploads/2022/10/2022-01-11-nutarimas-nr.-10e-46.pdf | RuntimeError('bad status=404 size=1044')
2026-04-02T20:17:18.374350 | https://vvtat.lrv.lt/uploads/2022/10/2022-01-19-nutarimas-nr.-10e-146.pdf | RuntimeError('bad status=404 size=1044')
2026-04-02T20:17:21.599978 | https://vvtat.lrv.lt/uploads/2022/10/2022-04-14-nr.-10g-218.pdf | RuntimeError('bad status=404 size=1044')
2026-04-02T20:17:24.445524 | https://vvtat.lrv.lt/uploads/2022/10/2022-02-02-nutarimas-nr.-10e-272.pdf | RuntimeError('bad status=404 size=1044')
2026-04-02T20:17:29.237557 | https://vvtat.lrv.lt/uploads/2022/10/2022-02-08-nutarimas-nr.-10e-300.pdf | RuntimeError('bad status=404 size=1044')
2026-04-02T20:17:33.386491 | https://vvtat.lrv.lt/uploads/2022/12/2022-02-09-nutarimas-nr.-10e-309.pdf | RuntimeError('bad status=404 size=1044')
2026-04-02T20:17:35.759670 | https://vvtat.lrv.lt/uploads/2023/04/2022-02-17-nutarimas-nr.-10e-365.pdf | RuntimeError('bad status=404 size=1044')
2026-04-02T20:17:38.629202 | https://vvtat.lrv.lt/uploads/2022/10/2022-02-18-nutarimas-10e-379.pdf | RuntimeError('bad status=404 size=1044')
2026-04-02T20:17:43.950537 | https://vvtat.lrv.lt/uploads/2023/04/2022-03-08-nutarimas-nr.-10e-490.pdf | RuntimeError('bad status=404 size=1044')
2026-04-02T20:17:47.278860 | https://vvtat.lrv.lt/uploads/2023/04/2022-03-14-nutarimas-nr.-10e-508.pdf | RuntimeError('bad status=404 size=1044')
2026-04-02T20:17:50.643433 | https://vvtat.lrv.lt/uploads/2023/04/2022-03-28-nutarimas-nr.-10e-560.pdf | RuntimeError('bad status=404 size=1044')
2026-04-02T20:17:53.950979 | https://vvtat.lrv.lt/uploads/2023/04/2022-04-15-nutarimas-nr.-10e-607.pdf | RuntimeError('bad status=404 size=1044')
2026-04-02T20:17:57.036460 | https://vvtat.lrv.lt/uploads/2023/04/2022-04-22-nutarimas-nr.-10e-618.pdf | RuntimeError('bad status=404 size=1044')
2026-04-02T20:18:00.847271 | https://vvtat.lrv.lt/uploads/2023/04/2022-05-13-nutarimas-nr.-10e-675.pdf | RuntimeError('bad status=404 size=1044')
2026-04-02T20:18:03.299596 | https://vvtat.lrv.lt/uploads/2023/02/2022-12-08-nutarimas-nr.-10g-1640.pdf | RuntimeError('bad status=404 size=1044')
2026-04-02T20:18:07.154344 | https://vvtat.lrv.lt/uploads/2023/03/2022-12-13-nutarimas-nr.-10g-1677.pdf | RuntimeError('bad status=404 size=1044')
2026-04-02T20:18:12.143079 | https://vvtat.lrv.lt/uploads/2023/02/2022-12-21-nutarimas-nr.-10g-1734.pdf | RuntimeError('bad status=404 size=1044')
2026-04-02T20:18:15.604613 | https://vvtat.lrv.lt/uploads/2023/05/2022-12-22-nutarimas-nr.-10g-1746.pdf | RuntimeError('bad status=404 size=1044')
2026-04-02T20:18:21.323909 | https://vvtat.lrv.lt/uploads/2023/02/2022-12-27-nutarimas-nr.-10g-1764.pdf | RuntimeError('bad status=404 size=1044')
2026-04-02T20:18:25.424569 | https://vvtat.lrv.lt/uploads/2023/02/2022-12-27-nutarimas-nr.-10g-1765.pdf | RuntimeError('bad status=404 size=1044')
2026-04-02T20:18:29.320410 | https://vvtat.lrv.lt/uploads/2023/02/2022-12-30-nutarimas-nr.-10g-1795.pdf | RuntimeError('bad status=404 size=1044')
2026-04-02T20:18:35.053260 | https://vvtat.lrv.lt/uploads/2022/02/2021-11-30-nutarimas-nr.-10e-3059.pdf | RuntimeError('bad status=404 size=1044')
2026-04-02T20:18:40.470560 | https://vvtat.lrv.lt/uploads/2021/11/2021-08-17-nutarimas-nr.-10e-2095.pdf | RuntimeError('bad status=404 size=1044')
2026-04-02T20:18:44.770421 | https://vvtat.lrv.lt/uploads/2022/10/2021-12-10-nutarimas-nr.-10e-3169.pdf | RuntimeError('bad status=404 size=1044')
2026-04-02T20:18:49.722398 | https://vvtat.lrv.lt/uploads/2022/10/2021-12-14-nutarimas-nr.-10e-3184.pdf | RuntimeError('bad status=404 size=1044')
2026-04-02T20:18:53.216706 | https://vvtat.lrv.lt/uploads/2022/10/2021-12-14-nutarimas-nr.-10e-3186.pdf | RuntimeError('bad status=404 size=1044')
2026-04-02T20:18:58.431371 | https://vvtat.lrv.lt/uploads/2022/10/2021-12-17-nutarimas-nr.-10e-3214.pdf | RuntimeError('bad status=404 size=1044')
2026-04-02T20:19:03.114286 | https://vvtat.lrv.lt/uploads/2022/10/2021-12-23-nutarimas-nr.-10e-3282.pdf | RuntimeError('bad status=404 size=1044')
2026-04-09T19:02:10.364326 | https://vvtat.lrv.lt/uploads/2023/04/2023-03-14-nutarimas-nr.-10g-574.pdf | RuntimeError('bad status=404 size=1044')
2026-04-09T19:02:13.722554 | https://vvtat.lrv.lt/public/canonical/1721811827/34958/2023-04-20-nutarimas-nr.-10g-897.pdf | RuntimeError('bad status=404 size=29440')
2026-04-09T19:02:16.514394 | https://vvtat.lrv.lt/public/canonical/1721900447/35188/2023-05-12-nutarimas-nr.-10g-982.pdf | RuntimeError('bad status=404 size=29440')
2026-04-09T19:02:21.761260 | https://vvtat.lrv.lt/uploads/2023/06/2023-05-25-nutarimas-nr.-10g-1145.pdf | RuntimeError('bad status=404 size=1044')
2026-04-09T19:02:26.059179 | https://vvtat.lrv.lt/uploads/2023/09/2023-06-23-nutarimas-nr.-10g-1435.pdf | RuntimeError('bad status=404 size=1044')
2026-04-09T19:02:29.527491 | https://vvtat.lrv.lt/data/public/uploads/2023/02/2023-01-04-nutarimas-nr.-10g-2.pdf | RuntimeError('bad status=404 size=29440')
2026-04-09T19:02:34.806027 | https://vvtat.lrv.lt/data/public/uploads/2023/02/2023-01-11-nutarimas-nr.-10g-1.pdf | RuntimeError('bad status=404 size=29440')
2026-04-09T19:02:40.528102 | https://vvtat.lrv.lt/data/public/uploads/2023/02/2023-01-11-nutarimas-nr.-10g-3.pdf | RuntimeError('bad status=404 size=29440')
2026-04-09T19:02:43.663564 | https://vvtat.lrv.lt/data/public/uploads/2023/03/2023-01-11-nutarimas-nr.-10g-4.pdf | RuntimeError('bad status=404 size=29440')
2026-04-09T19:02:48.113251 | https://vvtat.lrv.lt/data/public/uploads/2023/02/2023-01-11-nutarimas-nr.-10g-8.pdf | RuntimeError('bad status=404 size=29440')
2026-04-09T19:02:53.071126 | https://vvtat.lrv.lt/data/public/uploads/2023/02/2023-01-11-nutarimas-nr.-10g-9.pdf | RuntimeError('bad status=404 size=29440')
2026-04-09T19:02:55.728100 | https://vvtat.lrv.lt/data/public/uploads/2023/02/2023-01-12-nutarimas-nr.-10g-10.pdf | RuntimeError('bad status=404 size=29440')
2026-04-09T19:02:59.111539 | https://vvtat.lrv.lt/data/public/uploads/2023/02/2023-01-12-nutarimas-nr.-10g-61.pdf | RuntimeError('bad status=404 size=29440')
2026-04-09T19:03:04.463026 | https://vvtat.lrv.lt/data/public/uploads/2023/02/2023-01-12-nutarimas-nr.-10g-65.pdf | RuntimeError('bad status=404 size=29440')
2026-04-09T19:03:08.020570 | https://vvtat.lrv.lt/data/public/uploads/2023/02/2023-01-12-nutarimas-nr.-10g-66.pdf | RuntimeError('bad status=404 size=29440')
2026-04-09T19:03:10.514746 | https://vvtat.lrv.lt/data/public/uploads/2023/02/2023-01-12-nutarimas-nr.-10g-67.pdf | RuntimeError('bad status=404 size=29440')
2026-04-09T19:03:15.590467 | https://vvtat.lrv.lt/data/public/uploads/2023/02/2023-01-12-nutarimas-nr.-10g-68.pdf | RuntimeError('bad status=404 size=29440')
2026-04-09T19:03:20.758942 | https://vvtat.lrv.lt/data/public/uploads/2023/07/2023-01-12-nutarimas-nr.-10g-71.pdf | RuntimeError('bad status=404 size=29440')
2026-04-09T19:03:25.427752 | https://vvtat.lrv.lt/data/public/uploads/2023/02/2023-01-12-nutarimas-nr.-10g-72.pdf | RuntimeError('bad status=404 size=29440')
2026-04-09T19:03:29.732498 | https://vvtat.lrv.lt/data/public/uploads/2023/02/2023-01-12-nutarimas-nr.-10g-74.pdf | RuntimeError('bad status=404 size=29440')
2026-04-09T19:03:32.871977 | https://vvtat.lrv.lt/data/public/uploads/2023/02/2023-01-13-nutarimas-nr.-10g-82.pdf | RuntimeError('bad status=404 size=29440')
2026-04-09T19:03:38.563254 | https://vvtat.lrv.lt/data/public/uploads/2023/09/2023-01-13-nutarimas-nr.-10g-84.pdf | RuntimeError('bad status=404 size=29440')
2026-04-09T19:03:41.597050 | https://vvtat.lrv.lt/data/public/uploads/2023/02/2023-01-12-nutarimas-nr.-10g-98.pdf | RuntimeError('bad status=404 size=29440')
2026-04-09T19:03:45.104538 | https://vvtat.lrv.lt/data/public/uploads/2023/02/2023-01-13-nutarimas-nr.-10g-86.pdf | RuntimeError('bad status=404 size=29440')
2026-04-09T19:03:50.507674 | https://vvtat.lrv.lt/data/public/uploads/2023/02/2023-01-13-nutarimas-nr.-10g-89.pdf | RuntimeError('bad status=404 size=29440')
2026-04-09T19:03:56.133344 | https://vvtat.lrv.lt/data/public/uploads/2023/07/2023-01-16-nutarimas-nr.-10g-92.pdf | RuntimeError('bad status=404 size=29440')
2026-04-09T19:04:00.852954 | https://vvtat.lrv.lt/data/public/uploads/2023/02/2023-01-17-nutarimas-nr.-10g-97.pdf | RuntimeError('bad status=404 size=29440')
2026-04-09T19:04:05.667074 | https://vvtat.lrv.lt/data/public/uploads/2023/02/2023-01-17-nutarimas-nr.-10g-110.pdf | RuntimeError('bad status=404 size=29440')
2026-04-09T19:04:09.952051 | https://vvtat.lrv.lt/data/public/uploads/2023/05/2023-01-18-nutarimas-nr.-10g-112.pdf | RuntimeError('bad status=404 size=29440')
2026-04-09T19:04:13.165096 | https://vvtat.lrv.lt/data/public/uploads/2023/03/2023-01-19-nutarimas-nr.-10g-126.pdf | RuntimeError('bad status=404 size=29440')
2026-04-09T19:04:16.831805 | https://vvtat.lrv.lt/data/public/uploads/2023/02/2023-01-19-nutarimas-nr.-10g-128.pdf | RuntimeError('bad status=404 size=29440')
2026-04-09T19:04:19.851945 | https://vvtat.lrv.lt/data/public/uploads/2023/07/2023-01-19-nutarimas-nr.-10g-129.pdf | RuntimeError('bad status=404 size=29440')
2026-04-09T19:04:25.079405 | https://vvtat.lrv.lt/data/public/uploads/2023/02/2023-01-19-nutarimas-nr.-10g-133.pdf | RuntimeError('bad status=404 size=29440')
2026-04-09T19:04:28.462712 | https://vvtat.lrv.lt/data/public/uploads/2023/03/2023-01-20-nutarimas-nr.-10g-144.pdf | RuntimeError('bad status=404 size=29440')
2026-04-09T19:04:30.970944 | https://vvtat.lrv.lt/data/public/uploads/2023/03/2023-01-24-nutarimas-nr.-10g-183.pdf | RuntimeError('bad status=404 size=29440')
2026-04-09T19:04:36.305696 | https://vvtat.lrv.lt/data/public/uploads/2023/03/2023-01-26-nutarimas-nr.-10g-192.pdf | RuntimeError('bad status=404 size=29440')
2026-04-09T19:04:40.448009 | https://vvtat.lrv.lt/data/public/uploads/2023/03/2023-01-26-nutarimas-nr.-10g-193.pdf | RuntimeError('bad status=404 size=29440')
2026-04-09T19:04:46.034428 | https://vvtat.lrv.lt/data/public/uploads/2023/03/2023-01-26-nutarimas-nr.-10g-204.pdf | RuntimeError('bad status=404 size=29440')
2026-04-09T19:04:48.930063 | https://vvtat.lrv.lt/data/public/uploads/2023/03/2023-01-26-nutarimas-nr.-10g-207.pdf | RuntimeError('bad status=404 size=29440')
2026-04-09T19:04:51.909699 | https://vvtat.lrv.lt/data/public/uploads/2023/03/2023-01-26-nutarimas-nr.-10g-208.pdf | RuntimeError('bad status=404 size=29440')
2026-04-09T19:04:57.925209 | https://vvtat.lrv.lt/data/public/uploads/2023/02/2023-01-27-nutarimas-nr.-10g-215.pdf | RuntimeError('bad status=404 size=29440')
2026-04-09T19:05:03.629013 | https://vvtat.lrv.lt/data/public/uploads/2023/02/2023-01-27-nutarimas-nr.-10g-216.pdf | RuntimeError('bad status=404 size=29440')
2026-04-09T19:05:09.440126 | https://vvtat.lrv.lt/data/public/uploads/2023/03/2023-01-27-nutarimas-nr.-10g-231.pdf | RuntimeError('bad status=404 size=29440')
2026-04-09T19:05:12.767914 | https://vvtat.lrv.lt/data/public/uploads/2023/11/2023-01-31-nutarimas-nr.-10g-255.pdf | RuntimeError('bad status=404 size=29440')
2026-04-09T19:05:17.474026 | https://vvtat.lrv.lt/data/public/uploads/2023/05/2023-01-31-nutarimas-nr.-10g-261.pdf | RuntimeError('bad status=404 size=29440')
2026-04-09T19:05:20.464696 | https://vvtat.lrv.lt/data/public/uploads/2023/03/2023-01-31-nutarimas-nr.-10g-262.pdf | RuntimeError('bad status=404 size=29440')
2026-04-09T19:05:24.535906 | https://vvtat.lrv.lt/data/public/uploads/2023/03/2023-02-01-nutarimas-nr.-10g-265.pdf | RuntimeError('bad status=404 size=29440')
2026-04-09T19:05:27.917160 | https://vvtat.lrv.lt/data/public/uploads/2023/03/2023-02-01-nutarimas-nr.-10g-267.pdf | RuntimeError('bad status=404 size=29440')
2026-04-09T19:05:30.819157 | https://vvtat.lrv.lt/data/public/uploads/2023/07/2023-02-02-nutarimas-nr.-10g-279.pdf | RuntimeError('bad status=404 size=29440')
2026-04-09T19:05:34.291439 | https://vvtat.lrv.lt/data/public/uploads/2023/03/2023-02-03-nutarimas-nr.-10g-280.pdf | RuntimeError('bad status=404 size=29440')
2026-04-09T19:05:36.875649 | https://vvtat.lrv.lt/data/public/uploads/2023/03/2023-02-03-nutarimas-nr.-10g-281.pdf | RuntimeError('bad status=404 size=29440')
2026-04-09T19:05:39.402381 | https://vvtat.lrv.lt/data/public/uploads/2023/03/2023-02-06-nutarimas-nr.-10g-291.pdf | RuntimeError('bad status=404 size=29440')
2026-04-09T19:05:45.509023 | https://vvtat.lrv.lt/data/public/uploads/2023/03/2023-02-07-nutarimas-nr.-10g-293.pdf | RuntimeError('bad status=404 size=29440')
2026-04-09T19:05:49.557406 | https://vvtat.lrv.lt/data/public/uploads/2023/03/2023-02-07-nutarimas-nr.-10g-294.pdf | RuntimeError('bad status=404 size=29440')
2026-04-09T19:05:52.575988 | https://vvtat.lrv.lt/data/public/uploads/2023/03/2023-02-07-nutarimas-nr.-10g-295.pdf | RuntimeError('bad status=404 size=29440')
2026-04-09T19:05:55.418381 | https://vvtat.lrv.lt/data/public/uploads/2023/03/2023-02-07-nutarimas-nr.-10g-300.pdf | RuntimeError('bad status=404 size=29440')
2026-04-09T19:05:59.391332 | https://vvtat.lrv.lt/data/public/uploads/2023/03/2023-02-08-nutarimas-nr.-10g-304.pdf | RuntimeError('bad status=404 size=29440')
2026-04-09T19:06:05.230868 | https://vvtat.lrv.lt/data/public/uploads/2023/05/2023-02-09-nutarimas-nr.-10g-313.pdf | RuntimeError('bad status=404 size=29440')
2026-04-09T19:06:08.896322 | https://vvtat.lrv.lt/data/public/uploads/2023/03/2023-02-10-nutarimas-nr.-10g-325.pdf | RuntimeError('bad status=404 size=29440')
2026-04-09T19:06:14.301300 | https://vvtat.lrv.lt/data/public/uploads/2023/03/2023-02-10-nutarimas-nr.-10g-329.pdf | RuntimeError('bad status=404 size=29440')
2026-04-09T19:06:18.955983 | https://vvtat.lrv.lt/data/public/uploads/2023/03/2023-02-13-nutarimas-nr.-10g-336.pdf | RuntimeError('bad status=404 size=29440')
2026-04-09T19:06:21.470808 | https://vvtat.lrv.lt/data/public/uploads/2023/03/2023-02-13-nutarimas-nr.-10g-337.pdf | RuntimeError('bad status=404 size=29440')
2026-04-09T19:06:26.693906 | https://vvtat.lrv.lt/data/public/uploads/2023/03/2023-02-14-nutarimas-nr.-10g-349.pdf | RuntimeError('bad status=404 size=29440')
2026-04-09T19:06:32.363375 | https://vvtat.lrv.lt/data/public/uploads/2023/03/2023-02-15-nutarimas-nr.-10g-358.pdf | RuntimeError('bad status=404 size=29440')
2026-04-09T19:06:35.697015 | https://vvtat.lrv.lt/data/public/uploads/2023/03/2023-02-15-nutarimas-nr.-10g-366.pdf | RuntimeError('bad status=404 size=29440')
2026-04-09T19:06:38.656377 | https://vvtat.lrv.lt/data/public/uploads/2023/03/2023-02-17-nutarimas-nr.-10g-377.pdf | RuntimeError('bad status=404 size=29440')
2026-04-09T19:06:44.480310 | https://vvtat.lrv.lt/data/public/uploads/2023/03/2023-02-21-nutarimas-nr.-10g-388.pdf | RuntimeError('bad status=404 size=29440')
2026-04-09T19:06:50.001341 | https://vvtat.lrv.lt/data/public/uploads/2023/05/2023-02-21-nutarimas-nr.-10g-389.pdf | RuntimeError('bad status=404 size=29440')
2026-04-09T19:06:53.987432 | https://vvtat.lrv.lt/data/public/uploads/2023/05/2023-02-21-nutarimas-nr.-10g-399.pdf | RuntimeError('bad status=404 size=29440')
2026-04-09T19:06:56.620708 | https://vvtat.lrv.lt/data/public/uploads/2023/03/2023-02-22-nutarimas-nr.-10g-402.pdf | RuntimeError('bad status=404 size=29440')
2026-04-09T19:07:01.687866 | https://vvtat.lrv.lt/data/public/uploads/2023/03/2023-02-22-nutarimas-nr.-10g-403.pdf | RuntimeError('bad status=404 size=29440')
2026-04-09T19:07:04.282576 | https://vvtat.lrv.lt/data/public/uploads/2023/04/2023-02-23-nutarimas-nr.-10g-427.pdf | RuntimeError('bad status=404 size=29440')
2026-04-09T19:07:07.766272 | https://vvtat.lrv.lt/data/public/uploads/2023/04/2023-02-23-nutarimas-nr.-10g-430.pdf | RuntimeError('bad status=404 size=29440')
2026-04-09T19:07:11.580399 | https://vvtat.lrv.lt/data/public/uploads/2023/03/2023-02-23-nutarimas-nr.-10g-431.pdf | RuntimeError('bad status=404 size=29440')
2026-04-09T19:07:14.749693 | https://vvtat.lrv.lt/data/public/uploads/2023/11/2023-02-23-nutarimas-nr.-10g-432.pdf | RuntimeError('bad status=404 size=29440')
2026-04-09T19:07:17.232075 | https://vvtat.lrv.lt/data/public/uploads/2023/05/2023-02-24-nutarimas-nr.-10g-443.pdf | RuntimeError('bad status=404 size=29440')
2026-04-09T19:07:21.777713 | https://vvtat.lrv.lt/data/public/uploads/2023/03/2023-02-24-nutarimas-nr.-10g-445.pdf | RuntimeError('bad status=404 size=29440')
2026-04-09T19:07:27.812354 | https://vvtat.lrv.lt/data/public/uploads/2023/03/2023-02-24-nutarimas-nr.-10g-446.pdf | RuntimeError('bad status=404 size=29440')
2026-04-09T19:07:33.195451 | https://vvtat.lrv.lt/data/public/uploads/2023/03/2023-02-24-nutarimas-nr.-10g-448.pdf | RuntimeError('bad status=404 size=29440')
2026-04-09T19:07:37.862900 | https://vvtat.lrv.lt/data/public/uploads/2023/04/2023-03-02-nutarimas-nr.-10g-474.pdf | RuntimeError('bad status=404 size=29440')
2026-04-09T19:07:42.388109 | https://vvtat.lrv.lt/data/public/uploads/2023/04/2023-03-02-nutarimas-nr.-10g-475.pdf | RuntimeError('bad status=404 size=29440')
2026-04-09T19:07:45.582118 | https://vvtat.lrv.lt/data/public/uploads/2023/04/2023-03-02-nutarimas-nr.-10g-476.pdf | RuntimeError('bad status=404 size=29440')
2026-04-09T19:07:48.202518 | https://vvtat.lrv.lt/data/public/uploads/2023/10/2023-03-02-nutarimas-nr.-10g-477.pdf | RuntimeError('bad status=404 size=29440')
2026-04-09T19:07:51.197184 | https://vvtat.lrv.lt/data/public/uploads/2023/05/2023-03-02-nutarimas-nr.-10g-481.pdf | RuntimeError('bad status=404 size=29440')
2026-04-09T19:07:54.047364 | https://vvtat.lrv.lt/data/public/uploads/2023/05/2023-03-02-nutarimas-nr.-10g-488.pdf | RuntimeError('bad status=404 size=29440')
2026-04-09T19:07:56.825214 | https://vvtat.lrv.lt/data/public/uploads/2023/05/2023-03-03-nutarimas-nr.-10g-491.pdf | RuntimeError('bad status=404 size=29440')
2026-04-09T19:07:59.166331 | https://vvtat.lrv.lt/data/public/uploads/2023/04/2023-03-07-nutarimas-nr.-10g-502.pdf | RuntimeError('bad status=404 size=29440')
2026-04-09T19:08:04.131274 | https://vvtat.lrv.lt/data/public/uploads/2023/04/2023-03-07-nutarimas-nr.-10g-503.pdf | RuntimeError('bad status=404 size=29440')
2026-04-09T19:08:08.698438 | https://vvtat.lrv.lt/data/public/uploads/2023/04/2023-03-07-nutarimas-nr.-10g-504.pdf | RuntimeError('bad status=404 size=29440')
2026-04-09T19:08:14.285413 | https://vvtat.lrv.lt/data/public/uploads/2023/04/2023-03-07-nutarimas-nr.-10g-505.pdf | RuntimeError('bad status=404 size=29440')
2026-04-09T19:08:16.788609 | https://vvtat.lrv.lt/data/public/uploads/2023/05/2023-03-07-nutarimas-nr.-10g-506.pdf | RuntimeError('bad status=404 size=29440')
2026-04-09T19:08:22.760973 | https://vvtat.lrv.lt/data/public/uploads/2023/04/2023-03-07-nutarimas-nr.-10g-520.pdf | RuntimeError('bad status=404 size=29440')
2026-04-09T19:08:27.714516 | https://vvtat.lrv.lt/data/public/uploads/2023/04/2023-03-08-nutarimas-nr.-10g-528.pdf | RuntimeError('bad status=404 size=29440')
2026-04-09T19:08:31.440294 | https://vvtat.lrv.lt/data/public/uploads/2023/03/2023-03-09-nutarimas-nr.-10g-531.pdf | RuntimeError('bad status=404 size=29440')
2026-04-09T19:08:37.443561 | https://vvtat.lrv.lt/data/public/uploads/2023/05/2023-03-09-nutarimas-nr.-10g-532.pdf | RuntimeError('bad status=404 size=29440')
2026-04-09T19:08:41.866509 | https://vvtat.lrv.lt/data/public/uploads/2023/04/2023-03-14-nutarimas-nr.-10g-534.pdf | RuntimeError('bad status=404 size=29440')
2026-04-09T19:08:47.336425 | https://vvtat.lrv.lt/data/public/uploads/2023/05/2023-03-14-nutarimas-nr.-10g-535.pdf | RuntimeError('bad status=404 size=29440')
2026-04-09T19:08:52.967918 | https://vvtat.lrv.lt/data/public/uploads/2023/05/2023-03-14-nutarimas-nr.-10g-537.pdf | RuntimeError('bad status=404 size=29440')
2026-04-09T19:08:57.025027 | https://vvtat.lrv.lt/data/public/uploads/2023/04/2023-03-14-nutarimas-nr.-10g-540.pdf | RuntimeError('bad status=404 size=29440')
2026-04-09T19:09:00.315637 | https://vvtat.lrv.lt/data/public/uploads/2023/04/2023-03-14-nutarimas-nr.-10g-541.pdf | RuntimeError('bad status=404 size=29440')
2026-04-09T19:09:05.102003 | https://vvtat.lrv.lt/data/public/uploads/2023/05/2023-03-14-nutarimas-nr.-10g-542.pdf | RuntimeError('bad status=404 size=29440')
2026-04-10T22:07:00.048569 | https://vvtat.lrv.lt/uploads/2023/04/2023-03-14-nutarimas-nr.-10g-574.pdf | RuntimeError('bad status=404 size=1044')
2026-04-10T22:07:06.071663 | https://vvtat.lrv.lt/public/canonical/1721811827/34958/2023-04-20-nutarimas-nr.-10g-897.pdf | RuntimeError('bad status=404 size=29456')
2026-04-10T22:07:11.496830 | https://vvtat.lrv.lt/public/canonical/1721900447/35188/2023-05-12-nutarimas-nr.-10g-982.pdf | RuntimeError('bad status=404 size=29456')
2026-04-10T22:07:16.409211 | https://vvtat.lrv.lt/uploads/2023/06/2023-05-25-nutarimas-nr.-10g-1145.pdf | RuntimeError('bad status=404 size=1044')
2026-04-10T22:07:21.528786 | https://vvtat.lrv.lt/uploads/2023/09/2023-06-23-nutarimas-nr.-10g-1435.pdf | RuntimeError('bad status=404 size=1044')
2026-04-10T22:07:27.657699 | https://vvtat.lrv.lt/data/public/uploads/2023/02/2023-01-04-nutarimas-nr.-10g-2.pdf | RuntimeError('bad status=404 size=29456')
2026-04-10T22:07:33.001210 | https://vvtat.lrv.lt/data/public/uploads/2023/02/2023-01-11-nutarimas-nr.-10g-1.pdf | RuntimeError('bad status=404 size=29456')
2026-04-10T22:07:36.994352 | https://vvtat.lrv.lt/data/public/uploads/2023/02/2023-01-11-nutarimas-nr.-10g-3.pdf | RuntimeError('bad status=404 size=29456')
2026-04-10T22:07:41.219882 | https://vvtat.lrv.lt/data/public/uploads/2023/03/2023-01-11-nutarimas-nr.-10g-4.pdf | RuntimeError('bad status=404 size=29456')
2026-04-10T22:07:46.518759 | https://vvtat.lrv.lt/data/public/uploads/2023/02/2023-01-11-nutarimas-nr.-10g-8.pdf | RuntimeError('bad status=404 size=29456')
2026-04-10T22:07:49.058088 | https://vvtat.lrv.lt/data/public/uploads/2023/02/2023-01-11-nutarimas-nr.-10g-9.pdf | RuntimeError('bad status=404 size=29456')
2026-04-10T22:07:54.282632 | https://vvtat.lrv.lt/data/public/uploads/2023/02/2023-01-12-nutarimas-nr.-10g-10.pdf | RuntimeError('bad status=404 size=29456')
2026-04-10T22:07:56.839750 | https://vvtat.lrv.lt/data/public/uploads/2023/02/2023-01-12-nutarimas-nr.-10g-61.pdf | RuntimeError('bad status=404 size=29456')
2026-04-10T22:07:59.862800 | https://vvtat.lrv.lt/data/public/uploads/2023/02/2023-01-12-nutarimas-nr.-10g-65.pdf | RuntimeError('bad status=404 size=29456')
2026-04-10T22:08:02.283594 | https://vvtat.lrv.lt/data/public/uploads/2023/02/2023-01-12-nutarimas-nr.-10g-66.pdf | RuntimeError('bad status=404 size=29456')
2026-04-10T22:08:04.931089 | https://vvtat.lrv.lt/data/public/uploads/2023/02/2023-01-12-nutarimas-nr.-10g-67.pdf | RuntimeError('bad status=404 size=29456')
2026-04-10T22:08:10.886329 | https://vvtat.lrv.lt/data/public/uploads/2023/02/2023-01-12-nutarimas-nr.-10g-68.pdf | RuntimeError('bad status=404 size=29456')
2026-04-10T22:08:13.734928 | https://vvtat.lrv.lt/data/public/uploads/2023/07/2023-01-12-nutarimas-nr.-10g-71.pdf | RuntimeError('bad status=404 size=29456')
2026-04-10T22:08:18.260595 | https://vvtat.lrv.lt/data/public/uploads/2023/02/2023-01-12-nutarimas-nr.-10g-72.pdf | RuntimeError('bad status=404 size=29456')
2026-04-10T22:08:22.969842 | https://vvtat.lrv.lt/data/public/uploads/2023/02/2023-01-12-nutarimas-nr.-10g-74.pdf | RuntimeError('bad status=404 size=29456')
2026-04-10T22:08:25.223525 | https://vvtat.lrv.lt/data/public/uploads/2023/02/2023-01-13-nutarimas-nr.-10g-82.pdf | RuntimeError('bad status=404 size=29456')
2026-04-10T22:08:30.430088 | https://vvtat.lrv.lt/data/public/uploads/2023/09/2023-01-13-nutarimas-nr.-10g-84.pdf | RuntimeError('bad status=404 size=29440')
2026-04-10T22:08:34.953268 | https://vvtat.lrv.lt/data/public/uploads/2023/02/2023-01-12-nutarimas-nr.-10g-98.pdf | RuntimeError('bad status=404 size=29440')
2026-04-10T22:08:40.382417 | https://vvtat.lrv.lt/data/public/uploads/2023/02/2023-01-13-nutarimas-nr.-10g-86.pdf | RuntimeError('bad status=404 size=29440')
2026-04-10T22:08:43.456598 | https://vvtat.lrv.lt/data/public/uploads/2023/02/2023-01-13-nutarimas-nr.-10g-89.pdf | RuntimeError('bad status=404 size=29440')
2026-04-10T22:08:48.161144 | https://vvtat.lrv.lt/data/public/uploads/2023/07/2023-01-16-nutarimas-nr.-10g-92.pdf | RuntimeError('bad status=404 size=29440')
2026-04-10T22:08:51.011932 | https://vvtat.lrv.lt/data/public/uploads/2023/02/2023-01-17-nutarimas-nr.-10g-97.pdf | RuntimeError('bad status=404 size=29440')
2026-04-10T22:08:54.920845 | https://vvtat.lrv.lt/data/public/uploads/2023/02/2023-01-17-nutarimas-nr.-10g-110.pdf | RuntimeError('bad status=404 size=29440')
2026-04-10T22:08:57.463775 | https://vvtat.lrv.lt/data/public/uploads/2023/05/2023-01-18-nutarimas-nr.-10g-112.pdf | RuntimeError('bad status=404 size=29440')
2026-04-10T22:09:02.495445 | https://vvtat.lrv.lt/data/public/uploads/2023/03/2023-01-19-nutarimas-nr.-10g-126.pdf | RuntimeError('bad status=404 size=29440')
2026-04-10T22:09:08.643655 | https://vvtat.lrv.lt/data/public/uploads/2023/02/2023-01-19-nutarimas-nr.-10g-128.pdf | RuntimeError('bad status=404 size=29440')
2026-04-10T22:09:10.998006 | https://vvtat.lrv.lt/data/public/uploads/2023/07/2023-01-19-nutarimas-nr.-10g-129.pdf | RuntimeError('bad status=404 size=29440')
2026-04-10T22:09:16.628935 | https://vvtat.lrv.lt/data/public/uploads/2023/02/2023-01-19-nutarimas-nr.-10g-133.pdf | RuntimeError('bad status=404 size=29440')
2026-04-10T22:09:19.496492 | https://vvtat.lrv.lt/data/public/uploads/2023/03/2023-01-20-nutarimas-nr.-10g-144.pdf | RuntimeError('bad status=404 size=29440')
2026-04-10T22:09:25.228280 | https://vvtat.lrv.lt/data/public/uploads/2023/03/2023-01-24-nutarimas-nr.-10g-183.pdf | RuntimeError('bad status=404 size=29440')
2026-04-10T22:09:28.406118 | https://vvtat.lrv.lt/data/public/uploads/2023/03/2023-01-26-nutarimas-nr.-10g-192.pdf | RuntimeError('bad status=404 size=29440')
2026-04-10T22:09:32.501063 | https://vvtat.lrv.lt/data/public/uploads/2023/03/2023-01-26-nutarimas-nr.-10g-193.pdf | RuntimeError('bad status=404 size=29440')
2026-04-10T22:09:38.133891 | https://vvtat.lrv.lt/data/public/uploads/2023/03/2023-01-26-nutarimas-nr.-10g-204.pdf | RuntimeError('bad status=404 size=29440')
2026-04-10T22:09:43.253488 | https://vvtat.lrv.lt/data/public/uploads/2023/03/2023-01-26-nutarimas-nr.-10g-207.pdf | RuntimeError('bad status=404 size=29440')
2026-04-10T22:09:48.474181 | https://vvtat.lrv.lt/data/public/uploads/2023/03/2023-01-26-nutarimas-nr.-10g-208.pdf | RuntimeError('bad status=404 size=29440')
2026-04-10T22:09:54.621354 | https://vvtat.lrv.lt/data/public/uploads/2023/02/2023-01-27-nutarimas-nr.-10g-215.pdf | RuntimeError('bad status=404 size=29440')
2026-04-10T22:10:00.541778 | https://vvtat.lrv.lt/data/public/uploads/2023/02/2023-01-27-nutarimas-nr.-10g-216.pdf | RuntimeError('bad status=404 size=29440')
2026-04-10T22:10:03.612112 | https://vvtat.lrv.lt/data/public/uploads/2023/03/2023-01-27-nutarimas-nr.-10g-231.pdf | RuntimeError('bad status=404 size=29440')
2026-04-10T22:10:08.030886 | https://vvtat.lrv.lt/data/public/uploads/2023/11/2023-01-31-nutarimas-nr.-10g-255.pdf | RuntimeError('bad status=404 size=29440')
2026-04-10T22:10:13.767338 | https://vvtat.lrv.lt/data/public/uploads/2023/05/2023-01-31-nutarimas-nr.-10g-261.pdf | RuntimeError('bad status=404 size=29440')
2026-04-10T22:10:19.405602 | https://vvtat.lrv.lt/data/public/uploads/2023/03/2023-01-31-nutarimas-nr.-10g-262.pdf | RuntimeError('bad status=404 size=29440')
2026-04-10T22:10:22.981870 | https://vvtat.lrv.lt/data/public/uploads/2023/03/2023-02-01-nutarimas-nr.-10g-265.pdf | RuntimeError('bad status=404 size=29440')
2026-04-10T22:10:28.410786 | https://vvtat.lrv.lt/data/public/uploads/2023/03/2023-02-01-nutarimas-nr.-10g-267.pdf | RuntimeError('bad status=404 size=29440')
2026-04-10T22:10:31.584746 | https://vvtat.lrv.lt/data/public/uploads/2023/07/2023-02-02-nutarimas-nr.-10g-279.pdf | RuntimeError('bad status=404 size=29440')
2026-04-10T22:10:36.807671 | https://vvtat.lrv.lt/data/public/uploads/2023/03/2023-02-03-nutarimas-nr.-10g-280.pdf | RuntimeError('bad status=404 size=29440')
2026-04-10T22:10:41.319258 | https://vvtat.lrv.lt/data/public/uploads/2023/03/2023-02-03-nutarimas-nr.-10g-281.pdf | RuntimeError('bad status=404 size=29440')
2026-04-10T22:10:45.716358 | https://vvtat.lrv.lt/data/public/uploads/2023/03/2023-02-06-nutarimas-nr.-10g-291.pdf | RuntimeError('bad status=404 size=29440')
2026-04-10T22:10:51.195981 | https://vvtat.lrv.lt/data/public/uploads/2023/03/2023-02-07-nutarimas-nr.-10g-293.pdf | RuntimeError('bad status=404 size=29440')
2026-04-10T22:10:53.995407 | https://vvtat.lrv.lt/data/public/uploads/2023/03/2023-02-07-nutarimas-nr.-10g-294.pdf | RuntimeError('bad status=404 size=29440')
2026-04-10T22:10:58.797561 | https://vvtat.lrv.lt/data/public/uploads/2023/03/2023-02-07-nutarimas-nr.-10g-295.pdf | RuntimeError('bad status=404 size=29440')
2026-04-10T22:11:04.763032 | https://vvtat.lrv.lt/data/public/uploads/2023/03/2023-02-07-nutarimas-nr.-10g-300.pdf | RuntimeError('bad status=404 size=29440')
2026-04-10T22:11:10.496847 | https://vvtat.lrv.lt/data/public/uploads/2023/03/2023-02-08-nutarimas-nr.-10g-304.pdf | RuntimeError('bad status=404 size=29440')
2026-04-10T22:11:13.056067 | https://vvtat.lrv.lt/data/public/uploads/2023/05/2023-02-09-nutarimas-nr.-10g-313.pdf | RuntimeError('bad status=404 size=29440')
2026-04-10T22:11:15.497761 | https://vvtat.lrv.lt/data/public/uploads/2023/03/2023-02-10-nutarimas-nr.-10g-325.pdf | RuntimeError('bad status=404 size=29440')
2026-04-10T22:11:18.162924 | https://vvtat.lrv.lt/data/public/uploads/2023/03/2023-02-10-nutarimas-nr.-10g-329.pdf | RuntimeError('bad status=404 size=29440')
2026-04-10T22:11:21.866754 | https://vvtat.lrv.lt/data/public/uploads/2023/03/2023-02-13-nutarimas-nr.-10g-336.pdf | RuntimeError('bad status=404 size=29440')
2026-04-10T22:11:25.225496 | https://vvtat.lrv.lt/data/public/uploads/2023/03/2023-02-13-nutarimas-nr.-10g-337.pdf | RuntimeError('bad status=404 size=29440')
2026-04-10T22:17:02.516996 | https://vvtat.lrv.lt/uploads/2023/04/2023-03-14-nutarimas-nr.-10g-574.pdf | RuntimeError('bad status=404 size=1044')
2026-04-10T22:17:05.900265 | https://vvtat.lrv.lt/public/canonical/1721811827/34958/2023-04-20-nutarimas-nr.-10g-897.pdf | RuntimeError('bad status=404 size=29440')
2026-04-10T22:17:11.809157 | https://vvtat.lrv.lt/public/canonical/1721900447/35188/2023-05-12-nutarimas-nr.-10g-982.pdf | RuntimeError('bad status=404 size=29440')
2026-04-10T22:17:15.558255 | https://vvtat.lrv.lt/uploads/2023/06/2023-05-25-nutarimas-nr.-10g-1145.pdf | RuntimeError('bad status=404 size=1044')
2026-04-10T22:17:18.076133 | https://vvtat.lrv.lt/uploads/2023/09/2023-06-23-nutarimas-nr.-10g-1435.pdf | RuntimeError('bad status=404 size=1044')
2026-04-10T22:17:23.667720 | https://vvtat.lrv.lt/data/public/uploads/2023/02/2023-01-04-nutarimas-nr.-10g-2.pdf | RuntimeError('bad status=404 size=29440')
2026-04-10T22:17:27.177925 | https://vvtat.lrv.lt/data/public/uploads/2023/02/2023-01-11-nutarimas-nr.-10g-1.pdf | RuntimeError('bad status=404 size=29440')
2026-04-10T22:17:29.781184 | https://vvtat.lrv.lt/data/public/uploads/2023/02/2023-01-11-nutarimas-nr.-10g-3.pdf | RuntimeError('bad status=404 size=29440')
2026-04-10T22:17:33.826920 | https://vvtat.lrv.lt/data/public/uploads/2023/03/2023-01-11-nutarimas-nr.-10g-4.pdf | RuntimeError('bad status=404 size=29440')
2026-04-10T22:17:39.509137 | https://vvtat.lrv.lt/data/public/uploads/2023/02/2023-01-11-nutarimas-nr.-10g-8.pdf | RuntimeError('bad status=404 size=29440')
2026-04-10T22:17:43.639750 | https://vvtat.lrv.lt/data/public/uploads/2023/02/2023-01-11-nutarimas-nr.-10g-9.pdf | RuntimeError('bad status=404 size=29440')
2026-04-10T22:17:47.662932 | https://vvtat.lrv.lt/data/public/uploads/2023/02/2023-01-12-nutarimas-nr.-10g-10.pdf | RuntimeError('bad status=404 size=29440')
2026-04-10T22:17:51.773959 | https://vvtat.lrv.lt/data/public/uploads/2023/02/2023-01-12-nutarimas-nr.-10g-61.pdf | RuntimeError('bad status=404 size=29440')
2026-04-10T22:17:55.474784 | https://vvtat.lrv.lt/data/public/uploads/2023/02/2023-01-12-nutarimas-nr.-10g-65.pdf | RuntimeError('bad status=404 size=29440')
2026-04-10T22:17:58.096508 | https://vvtat.lrv.lt/data/public/uploads/2023/02/2023-01-12-nutarimas-nr.-10g-66.pdf | RuntimeError('bad status=404 size=29440')
2026-04-10T22:18:01.412313 | https://vvtat.lrv.lt/data/public/uploads/2023/02/2023-01-12-nutarimas-nr.-10g-67.pdf | RuntimeError('bad status=404 size=29440')
2026-04-10T22:18:06.787973 | https://vvtat.lrv.lt/data/public/uploads/2023/02/2023-01-12-nutarimas-nr.-10g-68.pdf | RuntimeError('bad status=404 size=29440')
2026-04-10T22:18:12.662294 | https://vvtat.lrv.lt/data/public/uploads/2023/07/2023-01-12-nutarimas-nr.-10g-71.pdf | RuntimeError('bad status=404 size=29440')
2026-04-10T22:18:16.968432 | https://vvtat.lrv.lt/data/public/uploads/2023/02/2023-01-12-nutarimas-nr.-10g-72.pdf | RuntimeError('bad status=404 size=29440')
2026-04-10T22:18:22.273633 | https://vvtat.lrv.lt/data/public/uploads/2023/02/2023-01-12-nutarimas-nr.-10g-74.pdf | RuntimeError('bad status=404 size=29440')
2026-04-10T22:18:26.070083 | https://vvtat.lrv.lt/data/public/uploads/2023/02/2023-01-13-nutarimas-nr.-10g-82.pdf | RuntimeError('bad status=404 size=29440')
2026-04-10T22:18:32.200623 | https://vvtat.lrv.lt/data/public/uploads/2023/09/2023-01-13-nutarimas-nr.-10g-84.pdf | RuntimeError('bad status=404 size=29440')
2026-04-10T22:18:36.822608 | https://vvtat.lrv.lt/data/public/uploads/2023/02/2023-01-12-nutarimas-nr.-10g-98.pdf | RuntimeError('bad status=404 size=29440')
2026-04-10T22:18:40.103184 | https://vvtat.lrv.lt/data/public/uploads/2023/02/2023-01-13-nutarimas-nr.-10g-86.pdf | RuntimeError('bad status=404 size=29440')
2026-04-10T22:18:46.266620 | https://vvtat.lrv.lt/data/public/uploads/2023/02/2023-01-13-nutarimas-nr.-10g-89.pdf | RuntimeError('bad status=404 size=29440')
2026-04-10T22:18:49.207327 | https://vvtat.lrv.lt/data/public/uploads/2023/07/2023-01-16-nutarimas-nr.-10g-92.pdf | RuntimeError('bad status=404 size=29440')
2026-04-10T22:18:51.836281 | https://vvtat.lrv.lt/data/public/uploads/2023/02/2023-01-17-nutarimas-nr.-10g-97.pdf | RuntimeError('bad status=404 size=29440')
2026-04-10T22:18:55.924175 | https://vvtat.lrv.lt/data/public/uploads/2023/02/2023-01-17-nutarimas-nr.-10g-110.pdf | RuntimeError('bad status=404 size=29440')
2026-04-10T22:18:59.463586 | https://vvtat.lrv.lt/data/public/uploads/2023/05/2023-01-18-nutarimas-nr.-10g-112.pdf | RuntimeError('bad status=404 size=29440')
2026-04-10T22:19:05.307353 | https://vvtat.lrv.lt/data/public/uploads/2023/03/2023-01-19-nutarimas-nr.-10g-126.pdf | RuntimeError('bad status=404 size=29440')
2026-04-10T22:19:07.700624 | https://vvtat.lrv.lt/data/public/uploads/2023/02/2023-01-19-nutarimas-nr.-10g-128.pdf | RuntimeError('bad status=404 size=29440')
2026-04-10T22:19:13.548196 | https://vvtat.lrv.lt/data/public/uploads/2023/07/2023-01-19-nutarimas-nr.-10g-129.pdf | RuntimeError('bad status=404 size=29440')
2026-04-10T22:19:16.680230 | https://vvtat.lrv.lt/data/public/uploads/2023/02/2023-01-19-nutarimas-nr.-10g-133.pdf | RuntimeError('bad status=404 size=29440')
2026-04-10T22:19:19.006491 | https://vvtat.lrv.lt/data/public/uploads/2023/03/2023-01-20-nutarimas-nr.-10g-144.pdf | RuntimeError('bad status=404 size=29440')
2026-04-10T22:19:21.453334 | https://vvtat.lrv.lt/data/public/uploads/2023/03/2023-01-24-nutarimas-nr.-10g-183.pdf | RuntimeError('bad status=404 size=29440')
2026-04-10T22:19:25.511367 | https://vvtat.lrv.lt/data/public/uploads/2023/03/2023-01-26-nutarimas-nr.-10g-192.pdf | RuntimeError('bad status=404 size=29440')
2026-04-10T22:19:30.614712 | https://vvtat.lrv.lt/data/public/uploads/2023/03/2023-01-26-nutarimas-nr.-10g-193.pdf | RuntimeError('bad status=404 size=29440')
2026-04-10T22:19:34.311983 | https://vvtat.lrv.lt/data/public/uploads/2023/03/2023-01-26-nutarimas-nr.-10g-204.pdf | RuntimeError('bad status=404 size=29440')
2026-04-10T22:19:40.485168 | https://vvtat.lrv.lt/data/public/uploads/2023/03/2023-01-26-nutarimas-nr.-10g-207.pdf | RuntimeError('bad status=404 size=29440')
2026-04-10T22:19:44.162223 | https://vvtat.lrv.lt/data/public/uploads/2023/03/2023-01-26-nutarimas-nr.-10g-208.pdf | RuntimeError('bad status=404 size=29440')
2026-04-10T22:19:50.270622 | https://vvtat.lrv.lt/data/public/uploads/2023/02/2023-01-27-nutarimas-nr.-10g-215.pdf | RuntimeError('bad status=404 size=29440')
2026-04-10T22:19:52.695638 | https://vvtat.lrv.lt/data/public/uploads/2023/02/2023-01-27-nutarimas-nr.-10g-216.pdf | RuntimeError('bad status=404 size=29440')
2026-04-10T22:19:55.133948 | https://vvtat.lrv.lt/data/public/uploads/2023/03/2023-01-27-nutarimas-nr.-10g-231.pdf | RuntimeError('bad status=404 size=29440')
2026-04-10T22:19:57.546723 | https://vvtat.lrv.lt/data/public/uploads/2023/11/2023-01-31-nutarimas-nr.-10g-255.pdf | RuntimeError('bad status=404 size=29440')
2026-04-10T22:20:00.582113 | https://vvtat.lrv.lt/data/public/uploads/2023/05/2023-01-31-nutarimas-nr.-10g-261.pdf | RuntimeError('bad status=404 size=29440')
2026-04-10T22:20:03.933590 | https://vvtat.lrv.lt/data/public/uploads/2023/03/2023-01-31-nutarimas-nr.-10g-262.pdf | RuntimeError('bad status=404 size=29440')
2026-04-10T22:20:07.494291 | https://vvtat.lrv.lt/data/public/uploads/2023/03/2023-02-01-nutarimas-nr.-10g-265.pdf | RuntimeError('bad status=404 size=29440')
2026-04-10T22:20:11.407683 | https://vvtat.lrv.lt/data/public/uploads/2023/03/2023-02-01-nutarimas-nr.-10g-267.pdf | RuntimeError('bad status=404 size=29440')
2026-04-10T22:20:13.611725 | https://vvtat.lrv.lt/data/public/uploads/2023/07/2023-02-02-nutarimas-nr.-10g-279.pdf | RuntimeError('bad status=404 size=29440')
2026-04-10T22:20:15.791307 | https://vvtat.lrv.lt/data/public/uploads/2023/03/2023-02-03-nutarimas-nr.-10g-280.pdf | RuntimeError('bad status=404 size=29440')
2026-04-10T22:20:21.058599 | https://vvtat.lrv.lt/data/public/uploads/2023/03/2023-02-03-nutarimas-nr.-10g-281.pdf | RuntimeError('bad status=404 size=29440')
2026-04-10T22:20:24.624670 | https://vvtat.lrv.lt/data/public/uploads/2023/03/2023-02-06-nutarimas-nr.-10g-291.pdf | RuntimeError('bad status=404 size=29440')
2026-04-10T22:20:27.828690 | https://vvtat.lrv.lt/data/public/uploads/2023/03/2023-02-07-nutarimas-nr.-10g-293.pdf | RuntimeError('bad status=404 size=29440')
2026-04-10T22:20:33.690023 | https://vvtat.lrv.lt/data/public/uploads/2023/03/2023-02-07-nutarimas-nr.-10g-294.pdf | RuntimeError('bad status=404 size=29440')
2026-04-10T22:20:36.191013 | https://vvtat.lrv.lt/data/public/uploads/2023/03/2023-02-07-nutarimas-nr.-10g-295.pdf | RuntimeError('bad status=404 size=29440')
2026-04-10T22:20:42.390706 | https://vvtat.lrv.lt/data/public/uploads/2023/03/2023-02-07-nutarimas-nr.-10g-300.pdf | RuntimeError('bad status=404 size=29440')
2026-04-10T22:20:45.527860 | https://vvtat.lrv.lt/data/public/uploads/2023/03/2023-02-08-nutarimas-nr.-10g-304.pdf | RuntimeError('bad status=404 size=29440')
2026-04-10T22:20:50.676219 | https://vvtat.lrv.lt/data/public/uploads/2023/05/2023-02-09-nutarimas-nr.-10g-313.pdf | RuntimeError('bad status=404 size=29440')
2026-04-10T22:20:54.223462 | https://vvtat.lrv.lt/data/public/uploads/2023/03/2023-02-10-nutarimas-nr.-10g-325.pdf | RuntimeError('bad status=404 size=29440')
2026-04-10T22:20:57.146424 | https://vvtat.lrv.lt/data/public/uploads/2023/03/2023-02-10-nutarimas-nr.-10g-329.pdf | RuntimeError('bad status=404 size=29440')
2026-04-10T22:21:01.937569 | https://vvtat.lrv.lt/data/public/uploads/2023/03/2023-02-13-nutarimas-nr.-10g-336.pdf | RuntimeError('bad status=404 size=29440')
2026-04-10T22:21:05.699109 | https://vvtat.lrv.lt/data/public/uploads/2023/03/2023-02-13-nutarimas-nr.-10g-337.pdf | RuntimeError('bad status=404 size=29440')
2026-04-10T22:21:08.328083 | https://vvtat.lrv.lt/data/public/uploads/2023/03/2023-02-14-nutarimas-nr.-10g-349.pdf | RuntimeError('bad status=404 size=29440')
2026-04-10T22:21:11.346903 | https://vvtat.lrv.lt/data/public/uploads/2023/03/2023-02-15-nutarimas-nr.-10g-358.pdf | RuntimeError('bad status=404 size=29440')
2026-04-10T22:21:16.330117 | https://vvtat.lrv.lt/data/public/uploads/2023/03/2023-02-15-nutarimas-nr.-10g-366.pdf | RuntimeError('bad status=404 size=29440')
2026-04-10T22:21:21.822602 | https://vvtat.lrv.lt/data/public/uploads/2023/03/2023-02-17-nutarimas-nr.-10g-377.pdf | RuntimeError('bad status=404 size=29440')
2026-04-10T22:21:27.688798 | https://vvtat.lrv.lt/data/public/uploads/2023/03/2023-02-21-nutarimas-nr.-10g-388.pdf | RuntimeError('bad status=404 size=29440')
2026-04-10T22:21:30.257863 | https://vvtat.lrv.lt/data/public/uploads/2023/05/2023-02-21-nutarimas-nr.-10g-389.pdf | RuntimeError('bad status=404 size=29440')
2026-04-10T22:21:34.773542 | https://vvtat.lrv.lt/data/public/uploads/2023/05/2023-02-21-nutarimas-nr.-10g-399.pdf | RuntimeError('bad status=404 size=29440')
2026-04-10T22:21:39.013408 | https://vvtat.lrv.lt/data/public/uploads/2023/03/2023-02-22-nutarimas-nr.-10g-402.pdf | RuntimeError('bad status=404 size=29440')
2026-04-10T22:21:44.515052 | https://vvtat.lrv.lt/data/public/uploads/2023/03/2023-02-22-nutarimas-nr.-10g-403.pdf | RuntimeError('bad status=404 size=29440')
2026-04-10T22:21:50.234767 | https://vvtat.lrv.lt/data/public/uploads/2023/04/2023-02-23-nutarimas-nr.-10g-427.pdf | RuntimeError('bad status=404 size=29440')
2026-04-10T22:21:55.083159 | https://vvtat.lrv.lt/data/public/uploads/2023/04/2023-02-23-nutarimas-nr.-10g-430.pdf | RuntimeError('bad status=404 size=29440')
2026-04-10T22:21:57.762075 | https://vvtat.lrv.lt/data/public/uploads/2023/03/2023-02-23-nutarimas-nr.-10g-431.pdf | RuntimeError('bad status=404 size=29440')
2026-04-10T22:22:03.899431 | https://vvtat.lrv.lt/data/public/uploads/2023/11/2023-02-23-nutarimas-nr.-10g-432.pdf | RuntimeError('bad status=404 size=29440')
2026-04-10T22:22:09.119924 | https://vvtat.lrv.lt/data/public/uploads/2023/05/2023-02-24-nutarimas-nr.-10g-443.pdf | RuntimeError('bad status=404 size=29440')
2026-04-10T22:22:11.317842 | https://vvtat.lrv.lt/data/public/uploads/2023/03/2023-02-24-nutarimas-nr.-10g-445.pdf | RuntimeError('bad status=404 size=29440')
2026-04-10T22:22:16.653086 | https://vvtat.lrv.lt/data/public/uploads/2023/03/2023-02-24-nutarimas-nr.-10g-446.pdf | RuntimeError('bad status=404 size=29440')
2026-04-10T22:22:19.042306 | https://vvtat.lrv.lt/data/public/uploads/2023/03/2023-02-24-nutarimas-nr.-10g-448.pdf | RuntimeError('bad status=404 size=29440')
2026-04-10T22:22:23.735251 | https://vvtat.lrv.lt/data/public/uploads/2023/04/2023-03-02-nutarimas-nr.-10g-474.pdf | RuntimeError('bad status=404 size=29440')
2026-04-10T22:22:26.016341 | https://vvtat.lrv.lt/data/public/uploads/2023/04/2023-03-02-nutarimas-nr.-10g-475.pdf | RuntimeError('bad status=404 size=29440')
2026-04-10T22:22:31.746952 | https://vvtat.lrv.lt/data/public/uploads/2023/04/2023-03-02-nutarimas-nr.-10g-476.pdf | RuntimeError('bad status=404 size=29440')
2026-04-10T22:22:34.488729 | https://vvtat.lrv.lt/data/public/uploads/2023/10/2023-03-02-nutarimas-nr.-10g-477.pdf | RuntimeError('bad status=404 size=29440')
2026-04-10T22:22:37.939263 | https://vvtat.lrv.lt/data/public/uploads/2023/05/2023-03-02-nutarimas-nr.-10g-481.pdf | RuntimeError('bad status=404 size=29440')
2026-04-10T22:22:43.906567 | https://vvtat.lrv.lt/data/public/uploads/2023/05/2023-03-02-nutarimas-nr.-10g-488.pdf | RuntimeError('bad status=404 size=29440')
2026-04-10T22:22:47.372790 | https://vvtat.lrv.lt/data/public/uploads/2023/05/2023-03-03-nutarimas-nr.-10g-491.pdf | RuntimeError('bad status=404 size=29440')
2026-04-10T22:22:52.792659 | https://vvtat.lrv.lt/data/public/uploads/2023/04/2023-03-07-nutarimas-nr.-10g-502.pdf | RuntimeError('bad status=404 size=29440')
2026-04-10T22:22:57.562808 | https://vvtat.lrv.lt/data/public/uploads/2023/04/2023-03-07-nutarimas-nr.-10g-503.pdf | RuntimeError('bad status=404 size=29440')
2026-04-10T22:23:02.645219 | https://vvtat.lrv.lt/data/public/uploads/2023/04/2023-03-07-nutarimas-nr.-10g-504.pdf | RuntimeError('bad status=404 size=29440')
2026-04-10T22:23:07.899134 | https://vvtat.lrv.lt/data/public/uploads/2023/04/2023-03-07-nutarimas-nr.-10g-505.pdf | RuntimeError('bad status=404 size=29440')
2026-04-10T22:23:13.349696 | https://vvtat.lrv.lt/data/public/uploads/2023/05/2023-03-07-nutarimas-nr.-10g-506.pdf | RuntimeError('bad status=404 size=29440')
2026-04-10T22:23:16.544985 | https://vvtat.lrv.lt/data/public/uploads/2023/04/2023-03-07-nutarimas-nr.-10g-520.pdf | RuntimeError('bad status=404 size=29440')
2026-04-10T22:23:21.952925 | https://vvtat.lrv.lt/data/public/uploads/2023/04/2023-03-08-nutarimas-nr.-10g-528.pdf | RuntimeError('bad status=404 size=29440')
2026-04-10T22:23:26.121743 | https://vvtat.lrv.lt/data/public/uploads/2023/03/2023-03-09-nutarimas-nr.-10g-531.pdf | RuntimeError('bad status=404 size=29440')
2026-04-10T22:23:28.972299 | https://vvtat.lrv.lt/data/public/uploads/2023/05/2023-03-09-nutarimas-nr.-10g-532.pdf | RuntimeError('bad status=404 size=29440')
2026-04-10T22:23:32.771053 | https://vvtat.lrv.lt/data/public/uploads/2023/04/2023-03-14-nutarimas-nr.-10g-534.pdf | RuntimeError('bad status=404 size=29440')
2026-04-10T22:23:37.890447 | https://vvtat.lrv.lt/data/public/uploads/2023/05/2023-03-14-nutarimas-nr.-10g-535.pdf | RuntimeError('bad status=404 size=29440')
2026-04-10T22:23:42.114891 | https://vvtat.lrv.lt/data/public/uploads/2023/05/2023-03-14-nutarimas-nr.-10g-537.pdf | RuntimeError('bad status=404 size=29440')
2026-04-10T22:23:46.675256 | https://vvtat.lrv.lt/data/public/uploads/2023/04/2023-03-14-nutarimas-nr.-10g-540.pdf | RuntimeError('bad status=404 size=29440')
2026-04-10T22:23:52.229120 | https://vvtat.lrv.lt/data/public/uploads/2023/04/2023-03-14-nutarimas-nr.-10g-541.pdf | RuntimeError('bad status=404 size=29440')
2026-04-10T22:23:56.153520 | https://vvtat.lrv.lt/data/public/uploads/2023/05/2023-03-14-nutarimas-nr.-10g-542.pdf | RuntimeError('bad status=404 size=29440')
2026-04-10T22:24:01.435139 | https://vvtat.lrv.lt/data/public/uploads/2023/05/2023-03-14-nutarimas-nr.-10g-546-003.pdf | RuntimeError('bad status=404 size=29440')
2026-04-10T22:24:07.574780 | https://vvtat.lrv.lt/data/public/uploads/2023/05/2023-03-14-nutarimas-nr.-10g-551.pdf | RuntimeError('bad status=404 size=29440')
2026-04-10T22:24:13.598142 | https://vvtat.lrv.lt/data/public/uploads/2023/04/2023-03-14-nutarimas-nr.-10g-552.pdf | RuntimeError('bad status=404 size=29440')
2026-04-10T22:24:19.146252 | https://vvtat.lrv.lt/data/public/uploads/2023/05/2023-03-14-nutarimas-nr.-10g-554.pdf | RuntimeError('bad status=404 size=29440')
2026-04-10T22:24:21.972488 | https://vvtat.lrv.lt/data/public/uploads/2023/05/2023-03-15-nutarimas-nr.-10g-591.pdf | RuntimeError('bad status=404 size=29440')
2026-04-10T22:24:27.362416 | https://vvtat.lrv.lt/data/public/uploads/2023/06/2023-03-15-nutarimas-nr.-10g-592.pdf | RuntimeError('bad status=404 size=29440')
2026-04-10T22:24:30.387358 | https://vvtat.lrv.lt/data/public/uploads/2023/05/2023-03-15-nutarimas-nr.-10g-593.pdf | RuntimeError('bad status=404 size=29440')
2026-04-10T22:24:36.219679 | https://vvtat.lrv.lt/data/public/uploads/2023/05/2023-03-15-nutarimas-nr.-10g-596.pdf | RuntimeError('bad status=404 size=29440')
2026-04-10T22:24:38.446975 | https://vvtat.lrv.lt/data/public/uploads/2023/11/2023-03-15-nutarimas-nr.-10g-602.pdf | RuntimeError('bad status=404 size=29440')
2026-04-10T22:24:41.879348 | https://vvtat.lrv.lt/data/public/uploads/2023/05/2023-03-16-nutarimas-nr.-10g-611.pdf | RuntimeError('bad status=404 size=29440')
2026-04-10T22:24:45.988316 | https://vvtat.lrv.lt/data/public/uploads/2023/04/2023-03-16-nutarimas-nr.-10g-613.pdf | RuntimeError('bad status=404 size=29440')
2026-04-10T22:24:51.763254 | https://vvtat.lrv.lt/data/public/uploads/2023/10/2023-03-20-nutarimas-nr.-10g-638.pdf | RuntimeError('bad status=404 size=29440')
2026-04-10T22:24:56.743576 | https://vvtat.lrv.lt/data/public/uploads/2023/05/2023-03-21-nutarimas-nr.-10g-642.pdf | RuntimeError('bad status=404 size=29440')
2026-04-10T22:25:01.215766 | https://vvtat.lrv.lt/data/public/uploads/2023/05/2023-03-21-nutarimas-nr.-10g-644.pdf | RuntimeError('bad status=404 size=29440')
2026-04-10T22:25:04.931535 | https://vvtat.lrv.lt/data/public/uploads/2023/05/2023-03-22-nutarimas-nr.-10g-659.pdf | RuntimeError('bad status=404 size=29440')
2026-04-10T22:25:08.256641 | https://vvtat.lrv.lt/data/public/uploads/2023/05/2023-03-22-nutarimas-nr.-10g-661.pdf | RuntimeError('bad status=404 size=29440')
2026-04-10T22:25:14.289894 | https://vvtat.lrv.lt/data/public/uploads/2023/05/2023-03-22-nutarimas-nr.-10g-663.pdf | RuntimeError('bad status=404 size=29440')
2026-04-10T22:25:16.524237 | https://vvtat.lrv.lt/data/public/uploads/2023/05/2023-03-22-nutarimas-nr.-10g-664.pdf | RuntimeError('bad status=404 size=29440')
2026-04-10T22:25:21.738108 | https://vvtat.lrv.lt/data/public/uploads/2023/05/2023-03-23-nutarimas-nr.-10g-673.pdf | RuntimeError('bad status=404 size=29440')
2026-04-10T22:25:26.334124 | https://vvtat.lrv.lt/data/public/uploads/2023/05/2023-03-23-nutarimas-nr.-10g-682.pdf | RuntimeError('bad status=404 size=29440')
2026-04-10T22:25:29.784447 | https://vvtat.lrv.lt/data/public/uploads/2023/05/2023-03-24-nutarimas-nr.-10g-685.pdf | RuntimeError('bad status=404 size=29440')
2026-04-10T22:25:34.945208 | https://vvtat.lrv.lt/data/public/uploads/2023/05/2023-03-24-nutarimas-nr.-10g-686.pdf | RuntimeError('bad status=404 size=29440')
2026-04-10T22:25:38.591984 | https://vvtat.lrv.lt/data/public/uploads/2023/05/2023-03-27-nutarimas-nr.-10g-697.pdf | RuntimeError('bad status=404 size=29440')
2026-04-10T22:25:44.539927 | https://vvtat.lrv.lt/data/public/uploads/2023/09/2023-03-27-nutarimas-nr.-10g-698.pdf | RuntimeError('bad status=404 size=29440')
2026-04-10T22:25:47.316937 | https://vvtat.lrv.lt/data/public/uploads/2023/10/2023-03-28-nutarimas-nr.-10g-704.pdf | RuntimeError('bad status=404 size=29440')
2026-04-10T22:25:50.563717 | https://vvtat.lrv.lt/data/public/uploads/2023/05/2023-03-28-nutarimas-nr.-10g-713.pdf | RuntimeError('bad status=404 size=29440')
2026-04-10T22:25:54.182075 | https://vvtat.lrv.lt/data/public/uploads/2023/05/2023-03-28-nutarimas-nr.-10g-714.pdf | RuntimeError('bad status=404 size=29440')
2026-04-10T22:25:59.470917 | https://vvtat.lrv.lt/data/public/uploads/2023/10/2023-03-29-nutarimas-nr.-10g-718.pdf | RuntimeError('bad status=404 size=29440')
2026-04-10T22:26:05.115007 | https://vvtat.lrv.lt/data/public/uploads/2023/05/2023-03-29-nutarimas-nr.-10g-721.pdf | RuntimeError('bad status=404 size=29440')
2026-04-10T22:26:07.951779 | https://vvtat.lrv.lt/data/public/uploads/2023/05/2023-03-29-nutarimas-nr.-10g-724.pdf | RuntimeError('bad status=404 size=29440')
2026-04-10T22:26:12.537988 | https://vvtat.lrv.lt/data/public/uploads/2023/12/2023-03-30-nutarimas-nr.-10g-733.pdf | RuntimeError('bad status=404 size=29440')
2026-04-10T22:26:16.063248 | https://vvtat.lrv.lt/data/public/uploads/2023/05/2023-03-31-nutarimas-nr.-10g-738.pdf | RuntimeError('bad status=404 size=29440')
2026-04-10T22:26:19.915853 | https://vvtat.lrv.lt/data/public/uploads/2023/05/2023-03-31-nutarimas-nr.-10g-741.pdf | RuntimeError('bad status=404 size=29440')
2026-04-10T22:26:22.318642 | https://vvtat.lrv.lt/data/public/uploads/2023/05/2023-03-31-nutarimas-nr.-10g-745.pdf | RuntimeError('bad status=404 size=29440')
2026-04-10T22:26:25.557744 | https://vvtat.lrv.lt/data/public/uploads/2023/06/2023-03-31-nutarimas-nr.-10g-746.pdf | RuntimeError('bad status=404 size=29440')
2026-04-10T22:26:31.382646 | https://vvtat.lrv.lt/data/public/uploads/2023/05/2023-04-04-nutarimas-nr.-10g-759.pdf | RuntimeError('bad status=404 size=29440')
2026-04-10T22:26:36.149131 | https://vvtat.lrv.lt/data/public/uploads/2023/06/2023-04-04-nutarimas-nr.-10g-760.pdf | RuntimeError('bad status=404 size=29440')
2026-04-10T22:26:40.977101 | https://vvtat.lrv.lt/data/public/uploads/2023/05/2023-04-04-nutarimas-nr.-10g-762.pdf | RuntimeError('bad status=404 size=29440')
2026-04-10T22:26:44.084691 | https://vvtat.lrv.lt/data/public/uploads/2023/05/2023-04-05-nutarimas-nr.-10g-771.pdf | RuntimeError('bad status=404 size=29440')
2026-04-10T22:26:48.618634 | https://vvtat.lrv.lt/data/public/uploads/2023/07/2023-04-05-nutarimas-nr.-10g-775.pdf | RuntimeError('bad status=404 size=29440')
2026-04-10T22:26:53.501713 | https://vvtat.lrv.lt/data/public/uploads/2023/05/2023-04-06-nutarimas-nr.-10g-791.pdf | RuntimeError('bad status=404 size=29440')
2026-04-10T22:26:56.489664 | https://vvtat.lrv.lt/data/public/uploads/2023/05/2023-04-06-nutarimas-nr.-10g-792.pdf | RuntimeError('bad status=404 size=29440')
2026-04-10T22:26:59.222319 | https://vvtat.lrv.lt/data/public/uploads/2023/05/2023-04-06-nutarimas-nr.-10g-794.pdf | RuntimeError('bad status=404 size=29440')
2026-04-10T22:27:03.799449 | https://vvtat.lrv.lt/data/public/uploads/2023/06/2023-04-07-nutarimas-nr.-10g-797.pdf | RuntimeError('bad status=404 size=29440')
2026-04-10T22:27:06.480378 | https://vvtat.lrv.lt/data/public/uploads/2023/05/2023-04-07-nutarimas-nr.-10g-798.pdf | RuntimeError('bad status=404 size=29440')
2026-04-10T22:27:12.617734 | https://vvtat.lrv.lt/data/public/uploads/2023/05/2023-04-11-nutarimas-nr.-10g-820.pdf | RuntimeError('bad status=404 size=29440')
2026-04-10T22:27:17.987324 | https://vvtat.lrv.lt/data/public/uploads/2023/05/2023-04-12-nutarimas-nr.-10g-821.pdf | RuntimeError('bad status=404 size=29440')
2026-04-10T22:27:23.365592 | https://vvtat.lrv.lt/data/public/uploads/2023/05/2023-04-13-nutarimas-nr.-10g-828.pdf | RuntimeError('bad status=404 size=29440')
2026-04-10T22:27:29.531885 | https://vvtat.lrv.lt/data/public/uploads/2023/10/2023-04-13-nutarimas-nr.-10g-830.pdf | RuntimeError('bad status=404 size=29440')
2026-04-10T22:27:32.202960 | https://vvtat.lrv.lt/data/public/uploads/2023/06/2023-04-14-nutarimas-nr.-10g-836.pdf | RuntimeError('bad status=404 size=29440')
2026-04-10T22:27:36.830540 | https://vvtat.lrv.lt/data/public/uploads/2023/10/2023-04-14-nutarimas-nr.-10g-839.pdf | RuntimeError('bad status=404 size=29440')
2026-04-10T22:27:42.727619 | https://vvtat.lrv.lt/data/public/uploads/2023/05/2023-04-18-nutarimas-nr.-10g-860.pdf | RuntimeError('bad status=404 size=29440')
2026-04-10T22:27:47.789305 | https://vvtat.lrv.lt/data/public/uploads/2023/05/2023-04-18-nutarimas-nr.-10g-866.pdf | RuntimeError('bad status=404 size=29440')
2026-04-10T22:27:51.356616 | https://vvtat.lrv.lt/data/public/uploads/2023/10/2023-04-18-nutarimas-nr.-10g-867.pdf | RuntimeError('bad status=404 size=29440')
2026-04-10T22:27:55.078689 | https://vvtat.lrv.lt/data/public/uploads/2023/06/2023-04-18-nutarimas-nr.-10g-9561.pdf | RuntimeError('bad status=404 size=29440')
2026-04-10T22:27:58.602850 | https://vvtat.lrv.lt/data/public/uploads/2023/05/2023-04-21-nutarimas-nr.-10g-900.pdf | RuntimeError('bad status=404 size=29440')
2026-04-10T22:28:03.010934 | https://vvtat.lrv.lt/data/public/uploads/2023/06/2023-04-21-nutarimas-nr.-10g-901.pdf | RuntimeError('bad status=404 size=29440')
2026-04-10T22:28:07.435335 | https://vvtat.lrv.lt/data/public/uploads/2023/05/2023-04-21-nutarimas-nr.-10g-902.pdf | RuntimeError('bad status=404 size=29440')
2026-04-10T22:28:11.117340 | https://vvtat.lrv.lt/data/public/uploads/2023/05/2023-04-21-nutarimas-nr.-10g-903.pdf | RuntimeError('bad status=404 size=29440')
2026-04-10T22:28:15.684588 | https://vvtat.lrv.lt/data/public/uploads/2023/05/2023-04-21-nutarimas-nr.-10g-904.pdf | RuntimeError('bad status=404 size=29440')
2026-04-10T22:28:18.819161 | https://vvtat.lrv.lt/data/public/uploads/2023/07/2023-04-21-nutarimas-nr.-10g-906.pdf | RuntimeError('bad status=404 size=29440')
2026-04-10T22:28:23.307810 | https://vvtat.lrv.lt/data/public/uploads/2023/05/2023-04-21-nutarimas-nr.-10g-909.pdf | RuntimeError('bad status=404 size=29440')
2026-04-10T22:28:27.229489 | https://vvtat.lrv.lt/data/public/uploads/2023/06/2023-04-21-nutarimas-nr.-10g-910.pdf | RuntimeError('bad status=404 size=29440')
2026-04-10T22:28:32.021086 | https://vvtat.lrv.lt/data/public/uploads/2023/11/2023-04-21-nutarimas-nr.-10g-911.pdf | RuntimeError('bad status=404 size=29440')
2026-04-10T22:28:36.829809 | https://vvtat.lrv.lt/data/public/uploads/2023/05/2023-04-21-nutarimas-nr.-10g-917.pdf | RuntimeError('bad status=404 size=29440')
2026-04-10T22:28:40.004284 | https://vvtat.lrv.lt/data/public/uploads/2023/07/2023-04-24-nutarimas-nr.-10g-926.pdf | RuntimeError('bad status=404 size=29440')
2026-04-10T22:28:44.807058 | https://vvtat.lrv.lt/data/public/uploads/2023/06/2023-04-26-nutarimas-nr.-10g-947.pdf | RuntimeError('bad status=404 size=29440')
2026-04-10T22:28:49.203340 | https://vvtat.lrv.lt/data/public/uploads/2023/10/2023-04-25-nutarimas-nr.-10g-954.pdf | RuntimeError('bad status=404 size=29440')
2026-04-10T22:28:54.801212 | https://vvtat.lrv.lt/data/public/uploads/2023/05/2023-04-28-nutarimas-nr.-10g-971.pdf | RuntimeError('bad status=404 size=29440')
2026-04-10T22:28:59.493156 | https://vvtat.lrv.lt/data/public/uploads/2023/05/2023-04-28-nutarimas-nr.-10g-972.pdf | RuntimeError('bad status=404 size=29440')
2026-04-10T22:29:05.403167 | https://vvtat.lrv.lt/data/public/uploads/2023/07/2023-05-02-nutarimas-nr.-10g-976.pdf | RuntimeError('bad status=404 size=29440')
2026-04-10T22:29:10.977408 | https://vvtat.lrv.lt/data/public/uploads/2023/06/2023-05-05-nutarimas-nr.-10g-994.pdf | RuntimeError('bad status=404 size=29440')
2026-04-10T22:29:14.249563 | https://vvtat.lrv.lt/data/public/uploads/2023/06/2023-05-05-nutarimas-nr.-10g-995.pdf | RuntimeError('bad status=404 size=29440')
2026-04-10T22:29:17.790458 | https://vvtat.lrv.lt/data/public/uploads/2023/06/2023-05-05-nutarimas-nr.-10g-996.pdf | RuntimeError('bad status=404 size=29440')
2026-04-10T22:29:21.809694 | https://vvtat.lrv.lt/data/public/uploads/2023/06/2023-05-05-nutarimas-nr.-10g-997.pdf | RuntimeError('bad status=404 size=29440')
2026-04-10T22:29:27.772510 | https://vvtat.lrv.lt/data/public/uploads/2023/06/2023-05-05-nutarimas-nr.-10g-1019.pdf | RuntimeError('bad status=404 size=29440')
2026-04-10T22:29:32.891398 | https://vvtat.lrv.lt/data/public/uploads/2023/06/2023-05-09-nutarimas-nr.-10g-1034.pdf | RuntimeError('bad status=404 size=29440')
2026-04-10T22:29:38.120784 | https://vvtat.lrv.lt/data/public/uploads/2023/06/2023-05-12-nutarimas-nr.-10g-1060.pdf | RuntimeError('bad status=404 size=29440')
2026-04-10T22:29:41.628386 | https://vvtat.lrv.lt/data/public/uploads/2023/07/2023-05-12-nutarimas-nr.-10g-1063.pdf | RuntimeError('bad status=404 size=29440')
2026-04-10T22:29:46.681465 | https://vvtat.lrv.lt/data/public/uploads/2023/06/2023-05-18-nutarimas-nr.-10g-1077.pdf | RuntimeError('bad status=404 size=29440')
2026-04-10T22:29:52.446403 | https://vvtat.lrv.lt/data/public/uploads/2023/06/2023-05-19-nutarimas-nr.-10g-1102.pdf | RuntimeError('bad status=404 size=29440')
2026-04-10T22:29:58.141994 | https://vvtat.lrv.lt/data/public/uploads/2023/11/2023-05-19-nutarimas-nr.-10g-1105.pdf | RuntimeError('bad status=404 size=29440')
2026-04-10T22:30:03.967391 | https://vvtat.lrv.lt/data/public/uploads/2023/10/2023-05-26-nutarimas-nr.-10g-1150.pdf | RuntimeError('bad status=404 size=29440')
2026-04-10T22:30:08.021182 | https://vvtat.lrv.lt/data/public/uploads/2023/06/2023-05-26-nutarimas-nr.-10g-1157.pdf | RuntimeError('bad status=404 size=29440')
2026-04-10T22:30:14.183716 | https://vvtat.lrv.lt/data/public/uploads/2023/06/2023-05-26-nutarimas-nr.-10g-1158.pdf | RuntimeError('bad status=404 size=29440')
2026-04-10T22:30:16.817406 | https://vvtat.lrv.lt/data/public/uploads/2023/10/2023-05-29-nutarimas-nr.-10g-1163.pdf | RuntimeError('bad status=404 size=29440')
2026-04-10T22:30:21.779925 | https://vvtat.lrv.lt/data/public/uploads/2023/07/2023-05-30-nutarimas-nr.-10g-1177.pdf | RuntimeError('bad status=404 size=29440')
2026-04-10T22:30:24.964195 | https://vvtat.lrv.lt/data/public/uploads/2023/09/2023-05-30-nutarimas-nr.-10g-1178.pdf | RuntimeError('bad status=404 size=29440')
2026-04-10T22:30:29.300224 | https://vvtat.lrv.lt/data/public/uploads/2023/12/2023-05-30-nutarimas-nr.-10g-1179.pdf | RuntimeError('bad status=404 size=29440')
2026-04-10T22:30:35.284172 | https://vvtat.lrv.lt/data/public/uploads/2023/07/2023-05-31-nutarimas-nr.-10g-1183.pdf | RuntimeError('bad status=404 size=29440')
2026-04-10T22:30:40.030059 | https://vvtat.lrv.lt/data/public/uploads/2023/12/2023-05-31-nutarimas-nr.-10g-1190.pdf | RuntimeError('bad status=404 size=29440')
2026-04-10T22:30:44.489104 | https://vvtat.lrv.lt/data/public/uploads/2023/07/2023-06-01-nutarimas-nr.-10g-1195.pdf | RuntimeError('bad status=404 size=29440')
2026-04-10T22:30:49.445698 | https://vvtat.lrv.lt/data/public/uploads/2023/07/2023-06-01-nutarimas-nr.-10g-1196.pdf | RuntimeError('bad status=404 size=29440')
2026-04-10T22:30:53.186024 | https://vvtat.lrv.lt/data/public/uploads/2023/07/2023-06-01-nutarimas-nr.-10g-1197.pdf | RuntimeError('bad status=404 size=29440')
2026-04-10T22:30:59.046381 | https://vvtat.lrv.lt/data/public/uploads/2023/07/2023-06-02-nutarimas-nr.-10g-1230.pdf | RuntimeError('bad status=404 size=29440')
2026-04-10T22:31:04.158420 | https://vvtat.lrv.lt/data/public/uploads/2023/09/2023-06-06-nutarimas-nr.-10g-1251.pdf | RuntimeError('bad status=404 size=29440')
2026-04-10T22:31:06.858371 | https://vvtat.lrv.lt/data/public/uploads/2023/07/2023-06-07-nutarimas-nr.-10g-1259.pdf | RuntimeError('bad status=404 size=29440')
2026-04-10T22:31:09.854641 | https://vvtat.lrv.lt/data/public/uploads/2023/10/2023-06-07-nutarimas-nr.-10g-1266.pdf | RuntimeError('bad status=404 size=29440')
2026-04-10T22:31:13.331907 | https://vvtat.lrv.lt/data/public/uploads/2023/07/2023-06-08-nutarimas-nr.-10g-1273.pdf | RuntimeError('bad status=404 size=29440')
2026-04-10T22:31:16.340971 | https://vvtat.lrv.lt/data/public/uploads/2023/10/2023-06-09-nutarimas-nr.-10g-1300.pdf | RuntimeError('bad status=404 size=29440')
2026-04-10T22:31:19.138558 | https://vvtat.lrv.lt/data/public/uploads/2023/09/2023-06-14-nutarimas-nr.-10g-1327.pdf | RuntimeError('bad status=404 size=29440')
2026-04-10T22:31:24.279807 | https://vvtat.lrv.lt/data/public/uploads/2023/10/2023-06-14-nutarimas-nr.-10g-1331.pdf | RuntimeError('bad status=404 size=29440')
2026-04-10T22:31:29.888316 | https://vvtat.lrv.lt/data/public/uploads/2023/10/2023-06-14-nutarimas-nr.-10g-1332.pdf | RuntimeError('bad status=404 size=29440')
2026-04-10T22:31:34.288544 | https://vvtat.lrv.lt/data/public/uploads/2023/09/2023-06-15-nutarimas-nr.-10g-1334.pdf | RuntimeError('bad status=404 size=29440')
2026-04-10T22:31:39.592179 | https://vvtat.lrv.lt/data/public/uploads/2023/09/2023-06-15-nutarimas-nr.-10g-1336.pdf | RuntimeError('bad status=404 size=29440')
2026-04-10T22:31:44.993468 | https://vvtat.lrv.lt/data/public/uploads/2023/10/2023-06-16-nutarimas-nr.-10g-1353.pdf | RuntimeError('bad status=404 size=29440')
2026-04-10T22:31:48.918867 | https://vvtat.lrv.lt/data/public/uploads/2023/07/2023-06-16-nutarimas-nr.-10g-1360.pdf | RuntimeError('bad status=404 size=29440')
2026-04-10T22:31:53.228455 | https://vvtat.lrv.lt/data/public/uploads/2023/11/2023-06-16-nutarimas-nr.-10g-1361.pdf | RuntimeError('bad status=404 size=29440')
2026-04-10T22:31:55.431504 | https://vvtat.lrv.lt/data/public/uploads/2023/10/2023-06-16-nutarimas-nr.-10g-1374.pdf | RuntimeError('bad status=404 size=29440')
2026-04-10T22:31:58.264734 | https://vvtat.lrv.lt/data/public/uploads/2023/10/2023-06-20-nutarimas-nr.-10g-1386.pdf | RuntimeError('bad status=404 size=29440')
2026-04-10T22:32:01.424280 | https://vvtat.lrv.lt/data/public/uploads/2023/09/2023-06-21-nutarimas-nr.-10g-1400.pdf | RuntimeError('bad status=404 size=29440')
2026-04-10T22:32:06.108733 | https://vvtat.lrv.lt/data/public/uploads/2023/10/2023-06-21-nutarimas-nr.-10g-1407.pdf | RuntimeError('bad status=404 size=29440')
2026-04-10T22:32:08.881294 | https://vvtat.lrv.lt/data/public/uploads/2023/08/2023-06-21-nutarimas-nr.-10g-1408.pdf | RuntimeError('bad status=404 size=29440')
2026-04-10T22:32:14.173971 | https://vvtat.lrv.lt/data/public/uploads/2023/08/2023-06-22-nutarimas-nr.-10g-1419.pdf | RuntimeError('bad status=404 size=29440')
2026-04-10T22:32:18.932650 | https://vvtat.lrv.lt/data/public/uploads/2023/11/2023-06-22-nutarimas-nr.-10g-1420.pdf | RuntimeError('bad status=404 size=29440')
2026-04-10T22:32:24.252736 | https://vvtat.lrv.lt/data/public/uploads/2023/11/2023-06-22-nutarimas-nr.-10g-1423.pdf | RuntimeError('bad status=404 size=29440')
2026-04-10T22:32:29.499475 | https://vvtat.lrv.lt/data/public/uploads/2023/08/2023-06-29-nutarimas-nr.-10g-1443.pdf | RuntimeError('bad status=404 size=29440')
2026-04-10T22:32:34.990855 | https://vvtat.lrv.lt/data/public/uploads/2023/08/2023-06-29-nutarimas-nr.-10g-1444.pdf | RuntimeError('bad status=404 size=29440')
2026-04-10T22:32:39.989996 | https://vvtat.lrv.lt/data/public/uploads/2023/10/2023-06-29-nutarimas-nr.-10g-1456.pdf | RuntimeError('bad status=404 size=29440')
2026-04-10T22:32:44.241146 | https://vvtat.lrv.lt/data/public/uploads/2023/11/2023-06-30-nutarimas-nr.-10g-1469.pdf | RuntimeError('bad status=404 size=29440')
2026-04-10T22:32:47.614983 | https://vvtat.lrv.lt/data/public/uploads/2023/10/2023-06-30-nutarimas-nr.-10g-1477.pdf | RuntimeError('bad status=404 size=29440')
2026-04-10T22:32:53.073253 | https://vvtat.lrv.lt/data/public/uploads/2023/09/2023-06-30-nutarimas-nr.-10g-1482.pdf | RuntimeError('bad status=404 size=29440')
2026-04-10T22:32:56.028043 | https://vvtat.lrv.lt/data/public/uploads/2023/10/2023-06-30-nutarimas-nr.-10g-1485.pdf | RuntimeError('bad status=404 size=29440')
2026-04-10T22:32:58.402304 | https://vvtat.lrv.lt/data/public/uploads/2023/08/2023-06-30-nutarimas-nr.-10g-1486.pdf | RuntimeError('bad status=404 size=29440')
2026-04-10T22:33:00.876548 | https://vvtat.lrv.lt/data/public/uploads/2023/08/2023-07-03-nutarimas-nr.-10g-1504.pdf | RuntimeError('bad status=404 size=29440')
2026-04-10T22:33:05.701376 | https://vvtat.lrv.lt/data/public/uploads/2023/08/2023-07-05-nutarimas-nr.-10g-1517.pdf | RuntimeError('bad status=404 size=29440')
2026-04-10T22:33:11.109391 | https://vvtat.lrv.lt/data/public/uploads/2023/08/2023-07-05-nutarimas-nr.-10g-1518.pdf | RuntimeError('bad status=404 size=29440')
2026-04-10T22:33:15.254011 | https://vvtat.lrv.lt/data/public/uploads/2023/12/2023-07-10-nutarimas-nr.-10g-1526.pdf | RuntimeError('bad status=404 size=29440')
2026-04-10T22:33:18.960396 | https://vvtat.lrv.lt/data/public/uploads/2023/10/2023-07-11-nutarimas-nr.-10g-1528.pdf | RuntimeError('bad status=404 size=29440')
2026-04-10T22:33:23.472537 | https://vvtat.lrv.lt/data/public/uploads/2023/08/2023-07-12-nutarimas-nr.-10g-1542.pdf | RuntimeError('bad status=404 size=29440')
2026-04-10T22:33:29.541009 | https://vvtat.lrv.lt/data/public/uploads/2023/10/2023-07-12-nutarimas-nr.-10g-1543.pdf | RuntimeError('bad status=404 size=29440')
2026-04-10T22:33:32.400204 | https://vvtat.lrv.lt/data/public/uploads/2023/11/2023-07-18-nutarimas-nr.-10g-1567.pdf | RuntimeError('bad status=404 size=29440')
2026-04-10T22:33:36.091550 | https://vvtat.lrv.lt/data/public/uploads/2023/08/2023-07-18-nutarimas-nr.-10g-1570.pdf | RuntimeError('bad status=404 size=29440')
2026-04-10T22:33:38.617388 | https://vvtat.lrv.lt/data/public/uploads/2023/09/2023-07-18-nutarimas-nr.-10g-1571.pdf | RuntimeError('bad status=404 size=29440')
2026-04-10T22:33:41.366074 | https://vvtat.lrv.lt/data/public/uploads/2023/09/2023-07-20-nutarimas-nr.-10g-1592.pdf | RuntimeError('bad status=404 size=29440')
2026-04-10T22:33:46.001811 | https://vvtat.lrv.lt/data/public/uploads/2023/09/2023-07-20-nutarimas-nr.-10g-1595.pdf | RuntimeError('bad status=404 size=29440')
2026-04-10T22:33:51.926576 | https://vvtat.lrv.lt/data/public/uploads/2023/09/2023-07-21-nutarimas-nr.-10g-1603.pdf | RuntimeError('bad status=404 size=29440')
2026-04-10T22:33:57.361778 | https://vvtat.lrv.lt/data/public/uploads/2023/09/2023-07-24-nutarimas-nr.-10g-1617.pdf | RuntimeError('bad status=404 size=29440')
2026-04-10T22:34:00.870945 | https://vvtat.lrv.lt/data/public/uploads/2023/10/2023-07-24-nutarimas-nr.-10g-1618.pdf | RuntimeError('bad status=404 size=29440')
2026-04-10T22:34:03.196559 | https://vvtat.lrv.lt/data/public/uploads/2023/09/2023-07-26-nutarimas-nr.-10g-1635.pdf | RuntimeError('bad status=404 size=29440')
2026-04-10T22:34:06.554134 | https://vvtat.lrv.lt/data/public/uploads/2023/09/2023-07-26-nutarimas-nr.-10g-1636.pdf | RuntimeError('bad status=404 size=29440')
2026-04-10T22:34:11.544703 | https://vvtat.lrv.lt/data/public/uploads/2023/09/2023-07-28-nutarimas-nr.-10g-1658.pdf | RuntimeError('bad status=404 size=29440')
2026-04-10T22:34:16.080020 | https://vvtat.lrv.lt/data/public/uploads/2023/09/2023-07-28-nutarimas-nr.-10g-1661.pdf | RuntimeError('bad status=404 size=29440')
2026-04-10T22:34:20.431933 | https://vvtat.lrv.lt/data/public/uploads/2023/10/2023-07-31-nutarimas-nr.-10g-1678.pdf | RuntimeError('bad status=404 size=29440')
2026-04-10T22:34:26.233262 | https://vvtat.lrv.lt/data/public/uploads/2023/09/2023-07-31-nutarimas-nr.-10g-1679.pdf | RuntimeError('bad status=404 size=29440')
2026-04-10T22:34:29.714174 | https://vvtat.lrv.lt/data/public/uploads/2023/09/2023-08-01-nutarimas-nr.-10g-1684.pdf | RuntimeError('bad status=404 size=29440')
2026-04-10T22:34:32.920942 | https://vvtat.lrv.lt/data/public/uploads/2023/10/2023-08-03-nutarimas-nr.-10g-1705.pdf | RuntimeError('bad status=404 size=29440')
2026-04-10T22:34:35.170733 | https://vvtat.lrv.lt/data/public/uploads/2023/09/2023-08-03-nutarimas-nr.-10g-1706.pdf | RuntimeError('bad status=404 size=29440')
2026-04-10T22:34:40.219340 | https://vvtat.lrv.lt/data/public/uploads/2023/10/2023-08-03-nutarimas-nr.-10g-1712.pdf | RuntimeError('bad status=404 size=29440')
2026-04-10T22:34:42.721659 | https://vvtat.lrv.lt/data/public/uploads/2023/11/2023-08-04-nutarimas-nr.-10g-1729.pdf | RuntimeError('bad status=404 size=29440')
2026-04-10T22:34:46.726061 | https://vvtat.lrv.lt/data/public/uploads/2023/09/2023-08-07-nutarimas-nr.-10g-1738.pdf | RuntimeError('bad status=404 size=29440')
2026-04-10T22:34:50.244600 | https://vvtat.lrv.lt/data/public/uploads/2023/12/2023-08-07-nutarimas-nr.-10g-1741.pdf | RuntimeError('bad status=404 size=29440')
2026-04-10T22:34:53.983489 | https://vvtat.lrv.lt/data/public/uploads/2023/10/2023-08-08-nutarimas-nr.-10g-1747.pdf | RuntimeError('bad status=404 size=29440')
2026-04-10T22:34:59.685117 | https://vvtat.lrv.lt/data/public/uploads/2023/09/2023-08-08-nutarimas-nr.-10g-1751.pdf | RuntimeError('bad status=404 size=29440')
2026-04-10T22:35:02.093144 | https://vvtat.lrv.lt/data/public/uploads/2023/11/2023-08-09-nutarimas-nr.-10g-1759.pdf | RuntimeError('bad status=404 size=29440')
2026-04-10T22:35:05.540468 | https://vvtat.lrv.lt/data/public/uploads/2023/09/2023-08-10-nutarimas-nr.-10g-1778.pdf | RuntimeError('bad status=404 size=29440')
2026-04-10T22:35:11.044527 | https://vvtat.lrv.lt/data/public/uploads/2023/12/2023-08-10-nutarimas-nr.-10g-1779.pdf | RuntimeError('bad status=404 size=29440')
2026-04-10T22:35:16.854194 | https://vvtat.lrv.lt/data/public/uploads/2023/10/2023-08-17-nutarimas-nr.-10g-1807.pdf | RuntimeError('bad status=404 size=29440')
2026-04-10T22:35:21.352862 | https://vvtat.lrv.lt/data/public/uploads/2023/10/2023-08-18-nutarimas-nr.-10g-1831.pdf | RuntimeError('bad status=404 size=29440')
2026-04-10T22:35:25.238874 | https://vvtat.lrv.lt/data/public/uploads/2023/10/2023-08-22-nutarimas-nr.-10g-1852.pdf | RuntimeError('bad status=404 size=29440')
2026-04-10T22:35:28.807433 | https://vvtat.lrv.lt/data/public/uploads/2023/10/2023-08-22-nutarimas-nr.-10g-1860.pdf | RuntimeError('bad status=404 size=29440')
2026-04-10T22:35:34.280782 | https://vvtat.lrv.lt/data/public/uploads/2023/10/2023-08-23-nutarimas-nr.-10g-1866.pdf | RuntimeError('bad status=404 size=29440')
2026-04-10T22:35:37.074277 | https://vvtat.lrv.lt/data/public/uploads/2023/10/2023-08-23-nutarimas-nr.-10g-1870.pdf | RuntimeError('bad status=404 size=29440')
2026-04-10T22:35:42.978764 | https://vvtat.lrv.lt/data/public/uploads/2023/10/2023-08-24-nutarimas-nr.-10g-1890.pdf | RuntimeError('bad status=404 size=29440')
2026-04-10T22:35:48.572648 | https://vvtat.lrv.lt/data/public/uploads/2023/10/2023-08-25-nutarimas-nr.-10g-1903.pdf | RuntimeError('bad status=404 size=29440')
2026-04-10T22:35:54.589904 | https://vvtat.lrv.lt/data/public/uploads/2023/10/2023-08-25-nutarimas-nr.-10g-1904.pdf | RuntimeError('bad status=404 size=29440')
2026-04-10T22:35:58.905903 | https://vvtat.lrv.lt/data/public/uploads/2023/10/2023-08-28-nutarimas-nr.-10g-1907.pdf | RuntimeError('bad status=404 size=29440')
2026-04-10T22:36:03.350895 | https://vvtat.lrv.lt/data/public/uploads/2023/11/2023-08-28-nutarimas-nr.-10g-1908.pdf | RuntimeError('bad status=404 size=29440')
2026-04-10T22:36:07.297438 | https://vvtat.lrv.lt/data/public/uploads/2023/11/2023-08-28-nutarimas-nr.-10g-1909.pdf | RuntimeError('bad status=404 size=29440')
2026-04-10T22:36:09.904586 | https://vvtat.lrv.lt/data/public/uploads/2023/10/2023-08-29-nutarimas-nr.-10g-1922.pdf | RuntimeError('bad status=404 size=29440')
2026-04-10T22:36:13.738754 | https://vvtat.lrv.lt/data/public/uploads/2023/12/2023-08-30-nutarimas-nr.-10g-1941.pdf | RuntimeError('bad status=404 size=29440')
2026-04-10T22:36:19.915599 | https://vvtat.lrv.lt/data/public/uploads/2023/10/2023-08-31-nutarimas-nr.-10g-1946.pdf | RuntimeError('bad status=404 size=29440')
2026-04-10T22:36:25.641000 | https://vvtat.lrv.lt/data/public/uploads/2023/10/2023-08-31-nutarimas-nr-10g-1947.pdf | RuntimeError('bad status=404 size=29440')
2026-04-10T22:36:27.995654 | https://vvtat.lrv.lt/data/public/uploads/2023/10/2023-08-31-nutarimas-nr.-10g-1949.pdf | RuntimeError('bad status=404 size=29440')
2026-04-10T22:36:32.422130 | https://vvtat.lrv.lt/data/public/uploads/2023/10/2023-08-31-nutarimas-nr.-10g-1954.pdf | RuntimeError('bad status=404 size=29440')
2026-04-10T22:36:36.544152 | https://vvtat.lrv.lt/data/public/uploads/2023/11/2023-09-01-nutarimas-nr.-10g-1961.pdf | RuntimeError('bad status=404 size=29440')
2026-04-10T22:36:40.474881 | https://vvtat.lrv.lt/data/public/uploads/2023/10/2023-09-01-nutarimas-nr.-10g-1968.pdf | RuntimeError('bad status=404 size=29440')
2026-04-10T22:36:45.311248 | https://vvtat.lrv.lt/data/public/uploads/2023/10/2023-09-06-nutarimas-nr.-10g-2000.pdf | RuntimeError('bad status=404 size=29440')
2026-04-10T22:36:48.071592 | https://vvtat.lrv.lt/data/public/uploads/2023/11/2023-09-06-nutarimas-nr.-10g-2001.pdf | RuntimeError('bad status=404 size=29440')
2026-04-10T22:36:52.077708 | https://vvtat.lrv.lt/data/public/uploads/2023/10/2023-09-06-nutarimas-nr.-10g-2004.pdf | RuntimeError('bad status=404 size=29440')
2026-04-10T22:36:55.407597 | https://vvtat.lrv.lt/data/public/uploads/2023/10/2023-09-07-nutarimas-nr.-10g-2008.pdf | RuntimeError('bad status=404 size=29440')
2026-04-10T22:36:59.288493 | https://vvtat.lrv.lt/data/public/uploads/2023/10/2023-09-11-nutarimas-nr.-10g-2029.pdf | RuntimeError('bad status=404 size=29440')
2026-04-10T22:37:03.597283 | https://vvtat.lrv.lt/data/public/uploads/2023/10/2023-09-13-nutarimas-nr.-10g-2062.pdf | RuntimeError('bad status=404 size=29440')
2026-04-25T12:33:00.166666 | https://vvtat.lrv.lt/uploads/2023/04/2023-03-14-nutarimas-nr.-10g-574.pdf | RuntimeError('bad status=404 size=1044')
2026-04-25T12:33:05.367803 | https://vvtat.lrv.lt/public/canonical/1721811827/34958/2023-04-20-nutarimas-nr.-10g-897.pdf | RuntimeError('bad status=404 size=29440')
2026-04-25T12:33:09.936412 | https://vvtat.lrv.lt/public/canonical/1721900447/35188/2023-05-12-nutarimas-nr.-10g-982.pdf | RuntimeError('bad status=404 size=29440')
2026-04-25T12:33:12.397337 | https://vvtat.lrv.lt/uploads/2023/06/2023-05-25-nutarimas-nr.-10g-1145.pdf | RuntimeError('bad status=404 size=1044')
2026-04-25T12:33:17.484686 | https://vvtat.lrv.lt/uploads/2023/09/2023-06-23-nutarimas-nr.-10g-1435.pdf | RuntimeError('bad status=404 size=1044')
2026-04-25T12:33:21.051432 | https://vvtat.lrv.lt/data/public/uploads/2023/02/2023-01-04-nutarimas-nr.-10g-2.pdf | RuntimeError('bad status=404 size=29440')
2026-04-25T12:33:24.241070 | https://vvtat.lrv.lt/data/public/uploads/2023/02/2023-01-11-nutarimas-nr.-10g-1.pdf | RuntimeError('bad status=404 size=29440')
2026-04-25T12:33:27.841830 | https://vvtat.lrv.lt/data/public/uploads/2023/02/2023-01-11-nutarimas-nr.-10g-3.pdf | RuntimeError('bad status=404 size=29440')
2026-04-25T12:33:31.398309 | https://vvtat.lrv.lt/data/public/uploads/2023/03/2023-01-11-nutarimas-nr.-10g-4.pdf | RuntimeError('bad status=404 size=29440')
2026-04-25T12:33:35.942450 | https://vvtat.lrv.lt/data/public/uploads/2023/02/2023-01-11-nutarimas-nr.-10g-8.pdf | RuntimeError('bad status=404 size=29440')
2026-04-25T12:33:39.141974 | https://vvtat.lrv.lt/data/public/uploads/2023/02/2023-01-11-nutarimas-nr.-10g-9.pdf | RuntimeError('bad status=404 size=29440')
2026-04-25T12:33:42.111780 | https://vvtat.lrv.lt/data/public/uploads/2023/02/2023-01-12-nutarimas-nr.-10g-10.pdf | RuntimeError('bad status=404 size=29440')
2026-04-25T12:33:46.220234 | https://vvtat.lrv.lt/data/public/uploads/2023/02/2023-01-12-nutarimas-nr.-10g-61.pdf | RuntimeError('bad status=404 size=29440')
2026-04-25T12:33:48.958886 | https://vvtat.lrv.lt/data/public/uploads/2023/02/2023-01-12-nutarimas-nr.-10g-65.pdf | RuntimeError('bad status=404 size=29440')
2026-04-25T12:33:51.613846 | https://vvtat.lrv.lt/data/public/uploads/2023/02/2023-01-12-nutarimas-nr.-10g-66.pdf | RuntimeError('bad status=404 size=29440')
2026-04-25T12:33:53.969362 | https://vvtat.lrv.lt/data/public/uploads/2023/02/2023-01-12-nutarimas-nr.-10g-67.pdf | RuntimeError('bad status=404 size=29440')
2026-04-25T12:33:59.413595 | https://vvtat.lrv.lt/data/public/uploads/2023/02/2023-01-12-nutarimas-nr.-10g-68.pdf | RuntimeError('bad status=404 size=29440')
2026-04-25T12:34:02.224870 | https://vvtat.lrv.lt/data/public/uploads/2023/07/2023-01-12-nutarimas-nr.-10g-71.pdf | RuntimeError('bad status=404 size=29440')
2026-04-25T12:34:04.633856 | https://vvtat.lrv.lt/data/public/uploads/2023/02/2023-01-12-nutarimas-nr.-10g-72.pdf | RuntimeError('bad status=404 size=29440')
2026-04-25T12:34:09.483225 | https://vvtat.lrv.lt/data/public/uploads/2023/02/2023-01-12-nutarimas-nr.-10g-74.pdf | RuntimeError('bad status=404 size=29440')
2026-04-25T12:34:12.879696 | https://vvtat.lrv.lt/data/public/uploads/2023/02/2023-01-13-nutarimas-nr.-10g-82.pdf | RuntimeError('bad status=404 size=29440')
2026-04-25T12:34:17.640943 | https://vvtat.lrv.lt/data/public/uploads/2023/09/2023-01-13-nutarimas-nr.-10g-84.pdf | RuntimeError('bad status=404 size=29440')
2026-04-25T12:34:20.233465 | https://vvtat.lrv.lt/data/public/uploads/2023/02/2023-01-12-nutarimas-nr.-10g-98.pdf | RuntimeError('bad status=404 size=29440')
2026-04-25T12:34:24.957364 | https://vvtat.lrv.lt/data/public/uploads/2023/02/2023-01-13-nutarimas-nr.-10g-86.pdf | RuntimeError('bad status=404 size=29440')
2026-04-25T12:34:28.302007 | https://vvtat.lrv.lt/data/public/uploads/2023/02/2023-01-13-nutarimas-nr.-10g-89.pdf | RuntimeError('bad status=404 size=29440')
2026-04-25T12:34:30.777293 | https://vvtat.lrv.lt/data/public/uploads/2023/07/2023-01-16-nutarimas-nr.-10g-92.pdf | RuntimeError('bad status=404 size=29440')
2026-04-25T12:34:34.289749 | https://vvtat.lrv.lt/data/public/uploads/2023/02/2023-01-17-nutarimas-nr.-10g-97.pdf | RuntimeError('bad status=404 size=29440')
2026-04-25T12:34:38.298614 | https://vvtat.lrv.lt/data/public/uploads/2023/02/2023-01-17-nutarimas-nr.-10g-110.pdf | RuntimeError('bad status=404 size=29440')
2026-04-25T12:34:41.751693 | https://vvtat.lrv.lt/data/public/uploads/2023/05/2023-01-18-nutarimas-nr.-10g-112.pdf | RuntimeError('bad status=404 size=29440')
2026-04-25T12:34:46.016310 | https://vvtat.lrv.lt/data/public/uploads/2023/03/2023-01-19-nutarimas-nr.-10g-126.pdf | RuntimeError('bad status=404 size=29440')
2026-04-25T12:34:48.230379 | https://vvtat.lrv.lt/data/public/uploads/2023/02/2023-01-19-nutarimas-nr.-10g-128.pdf | RuntimeError('bad status=404 size=29440')
2026-04-25T12:34:54.097282 | https://vvtat.lrv.lt/data/public/uploads/2023/07/2023-01-19-nutarimas-nr.-10g-129.pdf | RuntimeError('bad status=404 size=29440')
2026-04-25T12:35:00.192414 | https://vvtat.lrv.lt/data/public/uploads/2023/02/2023-01-19-nutarimas-nr.-10g-133.pdf | RuntimeError('bad status=404 size=29440')
2026-04-25T12:35:06.197237 | https://vvtat.lrv.lt/data/public/uploads/2023/03/2023-01-20-nutarimas-nr.-10g-144.pdf | RuntimeError('bad status=404 size=29440')
2026-04-25T12:35:11.670695 | https://vvtat.lrv.lt/data/public/uploads/2023/03/2023-01-24-nutarimas-nr.-10g-183.pdf | RuntimeError('bad status=404 size=29440')
2026-04-25T12:35:17.839286 | https://vvtat.lrv.lt/data/public/uploads/2023/03/2023-01-26-nutarimas-nr.-10g-192.pdf | RuntimeError('bad status=404 size=29440')
2026-04-25T12:35:23.494056 | https://vvtat.lrv.lt/data/public/uploads/2023/03/2023-01-26-nutarimas-nr.-10g-193.pdf | RuntimeError('bad status=404 size=29440')
2026-04-25T12:35:28.004819 | https://vvtat.lrv.lt/data/public/uploads/2023/03/2023-01-26-nutarimas-nr.-10g-204.pdf | RuntimeError('bad status=404 size=29440')
2026-04-25T12:35:32.885899 | https://vvtat.lrv.lt/data/public/uploads/2023/03/2023-01-26-nutarimas-nr.-10g-207.pdf | RuntimeError('bad status=404 size=29440')
2026-04-25T12:35:38.524425 | https://vvtat.lrv.lt/data/public/uploads/2023/03/2023-01-26-nutarimas-nr.-10g-208.pdf | RuntimeError('bad status=404 size=29440')
2026-04-25T12:35:42.114542 | https://vvtat.lrv.lt/data/public/uploads/2023/02/2023-01-27-nutarimas-nr.-10g-215.pdf | RuntimeError('bad status=404 size=29440')
2026-04-25T12:35:44.527470 | https://vvtat.lrv.lt/data/public/uploads/2023/02/2023-01-27-nutarimas-nr.-10g-216.pdf | RuntimeError('bad status=404 size=29440')
2026-04-25T12:35:48.159029 | https://vvtat.lrv.lt/data/public/uploads/2023/03/2023-01-27-nutarimas-nr.-10g-231.pdf | RuntimeError('bad status=404 size=29440')
2026-04-25T12:35:50.665360 | https://vvtat.lrv.lt/data/public/uploads/2023/11/2023-01-31-nutarimas-nr.-10g-255.pdf | RuntimeError('bad status=404 size=29440')
2026-04-25T12:35:54.353534 | https://vvtat.lrv.lt/data/public/uploads/2023/05/2023-01-31-nutarimas-nr.-10g-261.pdf | RuntimeError('bad status=404 size=29440')
2026-04-25T12:35:59.674191 | https://vvtat.lrv.lt/data/public/uploads/2023/03/2023-01-31-nutarimas-nr.-10g-262.pdf | RuntimeError('bad status=404 size=29440')
2026-04-25T12:36:04.135097 | https://vvtat.lrv.lt/data/public/uploads/2023/03/2023-02-01-nutarimas-nr.-10g-265.pdf | RuntimeError('bad status=404 size=29440')
2026-04-25T12:36:09.943172 | https://vvtat.lrv.lt/data/public/uploads/2023/03/2023-02-01-nutarimas-nr.-10g-267.pdf | RuntimeError('bad status=404 size=29440')
2026-04-25T12:36:13.426487 | https://vvtat.lrv.lt/data/public/uploads/2023/07/2023-02-02-nutarimas-nr.-10g-279.pdf | RuntimeError('bad status=404 size=29440')
2026-04-25T12:36:15.851018 | https://vvtat.lrv.lt/data/public/uploads/2023/03/2023-02-03-nutarimas-nr.-10g-280.pdf | RuntimeError('bad status=404 size=29440')
2026-04-25T12:36:21.940157 | https://vvtat.lrv.lt/data/public/uploads/2023/03/2023-02-03-nutarimas-nr.-10g-281.pdf | RuntimeError('bad status=404 size=29440')
2026-04-25T12:36:24.399135 | https://vvtat.lrv.lt/data/public/uploads/2023/03/2023-02-06-nutarimas-nr.-10g-291.pdf | RuntimeError('bad status=404 size=29440')
2026-04-25T12:36:30.347403 | https://vvtat.lrv.lt/data/public/uploads/2023/03/2023-02-07-nutarimas-nr.-10g-293.pdf | RuntimeError('bad status=404 size=29440')
2026-04-25T12:36:35.804509 | https://vvtat.lrv.lt/data/public/uploads/2023/03/2023-02-07-nutarimas-nr.-10g-294.pdf | RuntimeError('bad status=404 size=29440')
2026-04-25T12:36:38.383908 | https://vvtat.lrv.lt/data/public/uploads/2023/03/2023-02-07-nutarimas-nr.-10g-295.pdf | RuntimeError('bad status=404 size=29440')
2026-04-25T12:36:42.298111 | https://vvtat.lrv.lt/data/public/uploads/2023/03/2023-02-07-nutarimas-nr.-10g-300.pdf | RuntimeError('bad status=404 size=29440')
2026-04-25T12:36:46.256046 | https://vvtat.lrv.lt/data/public/uploads/2023/03/2023-02-08-nutarimas-nr.-10g-304.pdf | RuntimeError('bad status=404 size=29440')
2026-04-25T12:36:51.668681 | https://vvtat.lrv.lt/data/public/uploads/2023/05/2023-02-09-nutarimas-nr.-10g-313.pdf | RuntimeError('bad status=404 size=29440')
2026-04-25T12:36:57.307035 | https://vvtat.lrv.lt/data/public/uploads/2023/03/2023-02-10-nutarimas-nr.-10g-325.pdf | RuntimeError('bad status=404 size=29440')
2026-04-25T12:37:01.408961 | https://vvtat.lrv.lt/data/public/uploads/2023/03/2023-02-10-nutarimas-nr.-10g-329.pdf | RuntimeError('bad status=404 size=29440')
2026-04-25T12:37:04.842740 | https://vvtat.lrv.lt/data/public/uploads/2023/03/2023-02-13-nutarimas-nr.-10g-336.pdf | RuntimeError('bad status=404 size=29440')
2026-04-25T12:37:10.307239 | https://vvtat.lrv.lt/data/public/uploads/2023/03/2023-02-13-nutarimas-nr.-10g-337.pdf | RuntimeError('bad status=404 size=29440')
2026-04-25T12:37:13.922465 | https://vvtat.lrv.lt/data/public/uploads/2023/03/2023-02-14-nutarimas-nr.-10g-349.pdf | RuntimeError('bad status=404 size=29440')
2026-04-25T12:37:17.195667 | https://vvtat.lrv.lt/data/public/uploads/2023/03/2023-02-15-nutarimas-nr.-10g-358.pdf | RuntimeError('bad status=404 size=29440')
2026-04-25T12:37:22.128603 | https://vvtat.lrv.lt/data/public/uploads/2023/03/2023-02-15-nutarimas-nr.-10g-366.pdf | RuntimeError('bad status=404 size=29440')
2026-04-25T12:37:26.544901 | https://vvtat.lrv.lt/data/public/uploads/2023/03/2023-02-17-nutarimas-nr.-10g-377.pdf | RuntimeError('bad status=404 size=29440')
2026-04-25T12:37:30.788689 | https://vvtat.lrv.lt/data/public/uploads/2023/03/2023-02-21-nutarimas-nr.-10g-388.pdf | RuntimeError('bad status=404 size=29440')
2026-04-25T12:37:35.117347 | https://vvtat.lrv.lt/data/public/uploads/2023/05/2023-02-21-nutarimas-nr.-10g-389.pdf | RuntimeError('bad status=404 size=29440')
2026-04-25T12:37:40.170434 | https://vvtat.lrv.lt/data/public/uploads/2023/05/2023-02-21-nutarimas-nr.-10g-399.pdf | RuntimeError('bad status=404 size=29440')
2026-04-25T12:37:45.830126 | https://vvtat.lrv.lt/data/public/uploads/2023/03/2023-02-22-nutarimas-nr.-10g-402.pdf | RuntimeError('bad status=404 size=29440')
2026-04-25T12:37:49.796670 | https://vvtat.lrv.lt/data/public/uploads/2023/03/2023-02-22-nutarimas-nr.-10g-403.pdf | RuntimeError('bad status=404 size=29440')
2026-04-25T12:37:52.913399 | https://vvtat.lrv.lt/data/public/uploads/2023/04/2023-02-23-nutarimas-nr.-10g-427.pdf | RuntimeError('bad status=404 size=29440')
2026-04-25T12:37:58.823214 | https://vvtat.lrv.lt/data/public/uploads/2023/04/2023-02-23-nutarimas-nr.-10g-430.pdf | RuntimeError('bad status=404 size=29440')
2026-04-25T12:38:02.179214 | https://vvtat.lrv.lt/data/public/uploads/2023/03/2023-02-23-nutarimas-nr.-10g-431.pdf | RuntimeError('bad status=404 size=29440')
2026-04-25T12:38:06.679680 | https://vvtat.lrv.lt/data/public/uploads/2023/11/2023-02-23-nutarimas-nr.-10g-432.pdf | RuntimeError('bad status=404 size=29440')
2026-04-25T12:38:11.327666 | https://vvtat.lrv.lt/data/public/uploads/2023/05/2023-02-24-nutarimas-nr.-10g-443.pdf | RuntimeError('bad status=404 size=29440')
2026-04-25T12:38:15.472620 | https://vvtat.lrv.lt/data/public/uploads/2023/03/2023-02-24-nutarimas-nr.-10g-445.pdf | RuntimeError('bad status=404 size=29440')
2026-04-25T12:38:18.223167 | https://vvtat.lrv.lt/data/public/uploads/2023/03/2023-02-24-nutarimas-nr.-10g-446.pdf | RuntimeError('bad status=404 size=29440')
2026-04-25T12:38:21.275797 | https://vvtat.lrv.lt/data/public/uploads/2023/03/2023-02-24-nutarimas-nr.-10g-448.pdf | RuntimeError('bad status=404 size=29440')
2026-04-25T12:38:26.132952 | https://vvtat.lrv.lt/data/public/uploads/2023/04/2023-03-02-nutarimas-nr.-10g-474.pdf | RuntimeError('bad status=404 size=29440')
2026-04-25T12:38:30.902979 | https://vvtat.lrv.lt/data/public/uploads/2023/04/2023-03-02-nutarimas-nr.-10g-475.pdf | RuntimeError('bad status=404 size=29440')
2026-04-25T12:38:35.415404 | https://vvtat.lrv.lt/data/public/uploads/2023/04/2023-03-02-nutarimas-nr.-10g-476.pdf | RuntimeError('bad status=404 size=29440')
2026-04-25T12:38:41.094187 | https://vvtat.lrv.lt/data/public/uploads/2023/10/2023-03-02-nutarimas-nr.-10g-477.pdf | RuntimeError('bad status=404 size=29440')
2026-04-25T12:38:45.890543 | https://vvtat.lrv.lt/data/public/uploads/2023/05/2023-03-02-nutarimas-nr.-10g-481.pdf | RuntimeError('bad status=404 size=29440')
2026-04-25T12:38:49.400839 | https://vvtat.lrv.lt/data/public/uploads/2023/05/2023-03-02-nutarimas-nr.-10g-488.pdf | RuntimeError('bad status=404 size=29440')
2026-04-25T12:38:52.934338 | https://vvtat.lrv.lt/data/public/uploads/2023/05/2023-03-03-nutarimas-nr.-10g-491.pdf | RuntimeError('bad status=404 size=29440')
2026-04-25T12:38:56.367442 | https://vvtat.lrv.lt/data/public/uploads/2023/04/2023-03-07-nutarimas-nr.-10g-502.pdf | RuntimeError('bad status=404 size=29440')
2026-04-25T12:38:59.383759 | https://vvtat.lrv.lt/data/public/uploads/2023/04/2023-03-07-nutarimas-nr.-10g-503.pdf | RuntimeError('bad status=404 size=29440')
2026-04-25T12:39:02.621175 | https://vvtat.lrv.lt/data/public/uploads/2023/04/2023-03-07-nutarimas-nr.-10g-504.pdf | RuntimeError('bad status=404 size=29440')
2026-04-25T12:39:06.142672 | https://vvtat.lrv.lt/data/public/uploads/2023/04/2023-03-07-nutarimas-nr.-10g-505.pdf | RuntimeError('bad status=404 size=29440')
2026-04-25T12:39:08.840000 | https://vvtat.lrv.lt/data/public/uploads/2023/05/2023-03-07-nutarimas-nr.-10g-506.pdf | RuntimeError('bad status=404 size=29440')
2026-04-25T12:39:12.512989 | https://vvtat.lrv.lt/data/public/uploads/2023/04/2023-03-07-nutarimas-nr.-10g-520.pdf | RuntimeError('bad status=404 size=29440')
2026-04-25T12:39:18.634767 | https://vvtat.lrv.lt/data/public/uploads/2023/04/2023-03-08-nutarimas-nr.-10g-528.pdf | RuntimeError('bad status=404 size=29440')
2026-04-25T12:39:22.969079 | https://vvtat.lrv.lt/data/public/uploads/2023/03/2023-03-09-nutarimas-nr.-10g-531.pdf | RuntimeError('bad status=404 size=29440')
2026-04-25T12:39:25.326713 | https://vvtat.lrv.lt/data/public/uploads/2023/05/2023-03-09-nutarimas-nr.-10g-532.pdf | RuntimeError('bad status=404 size=29440')
2026-04-25T12:39:28.742240 | https://vvtat.lrv.lt/data/public/uploads/2023/04/2023-03-14-nutarimas-nr.-10g-534.pdf | RuntimeError('bad status=404 size=29440')
2026-04-25T12:39:34.280736 | https://vvtat.lrv.lt/data/public/uploads/2023/05/2023-03-14-nutarimas-nr.-10g-535.pdf | RuntimeError('bad status=404 size=29440')
2026-04-25T12:39:37.424703 | https://vvtat.lrv.lt/data/public/uploads/2023/05/2023-03-14-nutarimas-nr.-10g-537.pdf | RuntimeError('bad status=404 size=29440')
2026-04-25T12:39:40.903798 | https://vvtat.lrv.lt/data/public/uploads/2023/04/2023-03-14-nutarimas-nr.-10g-540.pdf | RuntimeError('bad status=404 size=29440')
2026-04-25T12:39:44.729855 | https://vvtat.lrv.lt/data/public/uploads/2023/04/2023-03-14-nutarimas-nr.-10g-541.pdf | RuntimeError('bad status=404 size=29440')
2026-04-25T12:39:48.882390 | https://vvtat.lrv.lt/data/public/uploads/2023/05/2023-03-14-nutarimas-nr.-10g-542.pdf | RuntimeError('bad status=404 size=29440')
2026-04-25T12:39:51.213327 | https://vvtat.lrv.lt/data/public/uploads/2023/05/2023-03-14-nutarimas-nr.-10g-546-003.pdf | RuntimeError('bad status=404 size=29440')
2026-04-25T12:39:53.671324 | https://vvtat.lrv.lt/data/public/uploads/2023/05/2023-03-14-nutarimas-nr.-10g-551.pdf | RuntimeError('bad status=404 size=29440')
2026-04-25T12:39:56.044737 | https://vvtat.lrv.lt/data/public/uploads/2023/04/2023-03-14-nutarimas-nr.-10g-552.pdf | RuntimeError('bad status=404 size=29440')
2026-04-25T12:39:59.836606 | https://vvtat.lrv.lt/data/public/uploads/2023/05/2023-03-14-nutarimas-nr.-10g-554.pdf | RuntimeError('bad status=404 size=29440')
2026-04-25T12:40:02.836144 | https://vvtat.lrv.lt/data/public/uploads/2023/05/2023-03-15-nutarimas-nr.-10g-591.pdf | RuntimeError('bad status=404 size=29440')
2026-04-25T12:40:08.550885 | https://vvtat.lrv.lt/data/public/uploads/2023/06/2023-03-15-nutarimas-nr.-10g-592.pdf | RuntimeError('bad status=404 size=29440')
2026-04-25T12:40:11.560523 | https://vvtat.lrv.lt/data/public/uploads/2023/05/2023-03-15-nutarimas-nr.-10g-593.pdf | RuntimeError('bad status=404 size=29440')
2026-04-25T12:40:14.157286 | https://vvtat.lrv.lt/data/public/uploads/2023/05/2023-03-15-nutarimas-nr.-10g-596.pdf | RuntimeError('bad status=404 size=29440')
2026-04-25T12:40:18.186363 | https://vvtat.lrv.lt/data/public/uploads/2023/11/2023-03-15-nutarimas-nr.-10g-602.pdf | RuntimeError('bad status=404 size=29440')
2026-04-25T12:40:22.506514 | https://vvtat.lrv.lt/data/public/uploads/2023/05/2023-03-16-nutarimas-nr.-10g-611.pdf | RuntimeError('bad status=404 size=29440')
2026-04-25T12:40:28.108998 | https://vvtat.lrv.lt/data/public/uploads/2023/04/2023-03-16-nutarimas-nr.-10g-613.pdf | RuntimeError('bad status=404 size=29440')
2026-04-25T12:40:34.143454 | https://vvtat.lrv.lt/data/public/uploads/2023/10/2023-03-20-nutarimas-nr.-10g-638.pdf | RuntimeError('bad status=404 size=29440')
2026-04-25T12:40:38.236032 | https://vvtat.lrv.lt/data/public/uploads/2023/05/2023-03-21-nutarimas-nr.-10g-642.pdf | RuntimeError('bad status=404 size=29440')
2026-04-25T12:40:40.493886 | https://vvtat.lrv.lt/data/public/uploads/2023/05/2023-03-21-nutarimas-nr.-10g-644.pdf | RuntimeError('bad status=404 size=29440')
2026-04-25T12:40:45.399883 | https://vvtat.lrv.lt/data/public/uploads/2023/05/2023-03-22-nutarimas-nr.-10g-659.pdf | RuntimeError('bad status=404 size=29440')
2026-04-25T12:40:51.121173 | https://vvtat.lrv.lt/data/public/uploads/2023/05/2023-03-22-nutarimas-nr.-10g-661.pdf | RuntimeError('bad status=404 size=29440')
2026-04-25T12:40:57.016994 | https://vvtat.lrv.lt/data/public/uploads/2023/05/2023-03-22-nutarimas-nr.-10g-663.pdf | RuntimeError('bad status=404 size=29440')
2026-04-25T12:41:00.722800 | https://vvtat.lrv.lt/data/public/uploads/2023/05/2023-03-22-nutarimas-nr.-10g-664.pdf | RuntimeError('bad status=404 size=29440')
2026-04-25T12:41:03.116211 | https://vvtat.lrv.lt/data/public/uploads/2023/05/2023-03-23-nutarimas-nr.-10g-673.pdf | RuntimeError('bad status=404 size=29440')
2026-04-25T12:41:05.395426 | https://vvtat.lrv.lt/data/public/uploads/2023/05/2023-03-23-nutarimas-nr.-10g-682.pdf | RuntimeError('bad status=404 size=29440')
2026-04-25T12:41:08.643526 | https://vvtat.lrv.lt/data/public/uploads/2023/05/2023-03-24-nutarimas-nr.-10g-685.pdf | RuntimeError('bad status=404 size=29440')
2026-04-25T12:41:14.577592 | https://vvtat.lrv.lt/data/public/uploads/2023/05/2023-03-24-nutarimas-nr.-10g-686.pdf | RuntimeError('bad status=404 size=29440')
2026-04-25T12:41:19.006646 | https://vvtat.lrv.lt/data/public/uploads/2023/05/2023-03-27-nutarimas-nr.-10g-697.pdf | RuntimeError('bad status=404 size=29440')
2026-04-25T12:41:24.940921 | https://vvtat.lrv.lt/data/public/uploads/2023/09/2023-03-27-nutarimas-nr.-10g-698.pdf | RuntimeError('bad status=404 size=29440')
2026-04-25T12:41:30.201740 | https://vvtat.lrv.lt/data/public/uploads/2023/10/2023-03-28-nutarimas-nr.-10g-704.pdf | RuntimeError('bad status=404 size=29440')
2026-04-25T12:41:32.919110 | https://vvtat.lrv.lt/data/public/uploads/2023/05/2023-03-28-nutarimas-nr.-10g-713.pdf | RuntimeError('bad status=404 size=29440')
2026-04-25T12:41:36.472934 | https://vvtat.lrv.lt/data/public/uploads/2023/05/2023-03-28-nutarimas-nr.-10g-714.pdf | RuntimeError('bad status=404 size=29440')
2026-04-25T12:41:40.952202 | https://vvtat.lrv.lt/data/public/uploads/2023/10/2023-03-29-nutarimas-nr.-10g-718.pdf | RuntimeError('bad status=404 size=29440')
2026-04-25T12:41:43.885892 | https://vvtat.lrv.lt/data/public/uploads/2023/05/2023-03-29-nutarimas-nr.-10g-721.pdf | RuntimeError('bad status=404 size=29440')
2026-04-25T12:41:48.803815 | https://vvtat.lrv.lt/data/public/uploads/2023/05/2023-03-29-nutarimas-nr.-10g-724.pdf | RuntimeError('bad status=404 size=29440')
2026-04-25T12:41:51.636598 | https://vvtat.lrv.lt/data/public/uploads/2023/12/2023-03-30-nutarimas-nr.-10g-733.pdf | RuntimeError('bad status=404 size=29440')
2026-04-25T12:41:55.146773 | https://vvtat.lrv.lt/data/public/uploads/2023/05/2023-03-31-nutarimas-nr.-10g-738.pdf | RuntimeError('bad status=404 size=29440')
2026-04-25T12:41:59.845899 | https://vvtat.lrv.lt/data/public/uploads/2023/05/2023-03-31-nutarimas-nr.-10g-741.pdf | RuntimeError('bad status=404 size=29440')
2026-04-25T12:42:03.847659 | https://vvtat.lrv.lt/data/public/uploads/2023/05/2023-03-31-nutarimas-nr.-10g-745.pdf | RuntimeError('bad status=404 size=29440')
2026-04-25T12:42:07.733154 | https://vvtat.lrv.lt/data/public/uploads/2023/06/2023-03-31-nutarimas-nr.-10g-746.pdf | RuntimeError('bad status=404 size=29440')
2026-04-25T12:42:12.720992 | https://vvtat.lrv.lt/data/public/uploads/2023/05/2023-04-04-nutarimas-nr.-10g-759.pdf | RuntimeError('bad status=404 size=29440')
2026-04-25T12:42:17.622708 | https://vvtat.lrv.lt/data/public/uploads/2023/06/2023-04-04-nutarimas-nr.-10g-760.pdf | RuntimeError('bad status=404 size=29440')
2026-04-25T12:42:22.821557 | https://vvtat.lrv.lt/data/public/uploads/2023/05/2023-04-04-nutarimas-nr.-10g-762.pdf | RuntimeError('bad status=404 size=29440')
2026-04-25T12:42:26.823325 | https://vvtat.lrv.lt/data/public/uploads/2023/05/2023-04-05-nutarimas-nr.-10g-771.pdf | RuntimeError('bad status=404 size=29440')
2026-04-25T12:42:31.332313 | https://vvtat.lrv.lt/data/public/uploads/2023/07/2023-04-05-nutarimas-nr.-10g-775.pdf | RuntimeError('bad status=404 size=29440')
2026-04-25T12:42:33.543252 | https://vvtat.lrv.lt/data/public/uploads/2023/05/2023-04-06-nutarimas-nr.-10g-791.pdf | RuntimeError('bad status=404 size=29440')
2026-04-25T12:42:35.798767 | https://vvtat.lrv.lt/data/public/uploads/2023/05/2023-04-06-nutarimas-nr.-10g-792.pdf | RuntimeError('bad status=404 size=29440')
2026-04-25T12:42:40.661196 | https://vvtat.lrv.lt/data/public/uploads/2023/05/2023-04-06-nutarimas-nr.-10g-794.pdf | RuntimeError('bad status=404 size=29440')
2026-04-25T12:42:46.470052 | https://vvtat.lrv.lt/data/public/uploads/2023/06/2023-04-07-nutarimas-nr.-10g-797.pdf | RuntimeError('bad status=404 size=29440')
2026-04-25T12:42:52.371651 | https://vvtat.lrv.lt/data/public/uploads/2023/05/2023-04-07-nutarimas-nr.-10g-798.pdf | RuntimeError('bad status=404 size=29440')
2026-04-25T12:42:57.905070 | https://vvtat.lrv.lt/data/public/uploads/2023/05/2023-04-11-nutarimas-nr.-10g-820.pdf | RuntimeError('bad status=404 size=29440')
2026-04-25T12:43:00.321236 | https://vvtat.lrv.lt/data/public/uploads/2023/05/2023-04-12-nutarimas-nr.-10g-821.pdf | RuntimeError('bad status=404 size=29440')
2026-04-25T12:43:05.322197 | https://vvtat.lrv.lt/data/public/uploads/2023/05/2023-04-13-nutarimas-nr.-10g-828.pdf | RuntimeError('bad status=404 size=29440')
2026-04-25T12:43:10.624488 | https://vvtat.lrv.lt/data/public/uploads/2023/10/2023-04-13-nutarimas-nr.-10g-830.pdf | RuntimeError('bad status=404 size=29440')
2026-04-25T12:43:14.159981 | https://vvtat.lrv.lt/data/public/uploads/2023/06/2023-04-14-nutarimas-nr.-10g-836.pdf | RuntimeError('bad status=404 size=29440')
2026-04-25T12:43:17.343434 | https://vvtat.lrv.lt/data/public/uploads/2023/10/2023-04-14-nutarimas-nr.-10g-839.pdf | RuntimeError('bad status=404 size=29440')
2026-04-25T12:43:23.216637 | https://vvtat.lrv.lt/data/public/uploads/2023/05/2023-04-18-nutarimas-nr.-10g-860.pdf | RuntimeError('bad status=404 size=29440')
2026-04-25T12:43:28.076709 | https://vvtat.lrv.lt/data/public/uploads/2023/05/2023-04-18-nutarimas-nr.-10g-866.pdf | RuntimeError('bad status=404 size=29440')
2026-04-25T12:43:34.196466 | https://vvtat.lrv.lt/data/public/uploads/2023/10/2023-04-18-nutarimas-nr.-10g-867.pdf | RuntimeError('bad status=404 size=29440')
2026-04-25T12:43:38.902959 | https://vvtat.lrv.lt/data/public/uploads/2023/06/2023-04-18-nutarimas-nr.-10g-9561.pdf | RuntimeError('bad status=404 size=29440')
2026-04-25T12:43:41.557249 | https://vvtat.lrv.lt/data/public/uploads/2023/05/2023-04-21-nutarimas-nr.-10g-900.pdf | RuntimeError('bad status=404 size=29440')
2026-04-25T12:43:46.739273 | https://vvtat.lrv.lt/data/public/uploads/2023/06/2023-04-21-nutarimas-nr.-10g-901.pdf | RuntimeError('bad status=404 size=29440')
2026-04-25T12:43:51.800363 | https://vvtat.lrv.lt/data/public/uploads/2023/05/2023-04-21-nutarimas-nr.-10g-902.pdf | RuntimeError('bad status=404 size=29440')
2026-04-25T12:43:54.054724 | https://vvtat.lrv.lt/data/public/uploads/2023/05/2023-04-21-nutarimas-nr.-10g-903.pdf | RuntimeError('bad status=404 size=29440')
2026-04-25T12:43:57.441183 | https://vvtat.lrv.lt/data/public/uploads/2023/05/2023-04-21-nutarimas-nr.-10g-904.pdf | RuntimeError('bad status=404 size=29440')
2026-04-25T12:44:00.142423 | https://vvtat.lrv.lt/data/public/uploads/2023/07/2023-04-21-nutarimas-nr.-10g-906.pdf | RuntimeError('bad status=404 size=29440')
2026-04-25T12:44:02.922419 | https://vvtat.lrv.lt/data/public/uploads/2023/05/2023-04-21-nutarimas-nr.-10g-909.pdf | RuntimeError('bad status=404 size=29440')
2026-04-25T12:44:06.247617 | https://vvtat.lrv.lt/data/public/uploads/2023/06/2023-04-21-nutarimas-nr.-10g-910.pdf | RuntimeError('bad status=404 size=29440')
2026-04-25T12:44:11.900263 | https://vvtat.lrv.lt/data/public/uploads/2023/11/2023-04-21-nutarimas-nr.-10g-911.pdf | RuntimeError('bad status=404 size=29440')
2026-04-25T12:44:15.845505 | https://vvtat.lrv.lt/data/public/uploads/2023/05/2023-04-21-nutarimas-nr.-10g-917.pdf | RuntimeError('bad status=404 size=29440')
2026-04-25T12:44:19.557759 | https://vvtat.lrv.lt/data/public/uploads/2023/07/2023-04-24-nutarimas-nr.-10g-926.pdf | RuntimeError('bad status=404 size=29440')
2026-04-25T12:44:23.414872 | https://vvtat.lrv.lt/data/public/uploads/2023/06/2023-04-26-nutarimas-nr.-10g-947.pdf | RuntimeError('bad status=404 size=29440')
2026-04-25T12:44:27.865483 | https://vvtat.lrv.lt/data/public/uploads/2023/10/2023-04-25-nutarimas-nr.-10g-954.pdf | RuntimeError('bad status=404 size=29440')
2026-04-25T12:44:32.595913 | https://vvtat.lrv.lt/data/public/uploads/2023/05/2023-04-28-nutarimas-nr.-10g-971.pdf | RuntimeError('bad status=404 size=29440')
2026-04-25T12:44:35.656108 | https://vvtat.lrv.lt/data/public/uploads/2023/05/2023-04-28-nutarimas-nr.-10g-972.pdf | RuntimeError('bad status=404 size=29440')
2026-04-25T12:44:39.030594 | https://vvtat.lrv.lt/data/public/uploads/2023/07/2023-05-02-nutarimas-nr.-10g-976.pdf | RuntimeError('bad status=404 size=29440')
2026-04-25T12:44:43.635086 | https://vvtat.lrv.lt/data/public/uploads/2023/06/2023-05-05-nutarimas-nr.-10g-994.pdf | RuntimeError('bad status=404 size=29440')
2026-04-25T12:44:48.781180 | https://vvtat.lrv.lt/data/public/uploads/2023/06/2023-05-05-nutarimas-nr.-10g-995.pdf | RuntimeError('bad status=404 size=29440')
2026-04-25T12:44:52.553949 | https://vvtat.lrv.lt/data/public/uploads/2023/06/2023-05-05-nutarimas-nr.-10g-996.pdf | RuntimeError('bad status=404 size=29440')
2026-04-25T12:44:57.435183 | https://vvtat.lrv.lt/data/public/uploads/2023/06/2023-05-05-nutarimas-nr.-10g-997.pdf | RuntimeError('bad status=404 size=29440')
2026-04-25T12:45:03.118032 | https://vvtat.lrv.lt/data/public/uploads/2023/06/2023-05-05-nutarimas-nr.-10g-1019.pdf | RuntimeError('bad status=404 size=29440')
2026-04-25T12:45:08.341173 | https://vvtat.lrv.lt/data/public/uploads/2023/06/2023-05-09-nutarimas-nr.-10g-1034.pdf | RuntimeError('bad status=404 size=29440')
2026-04-25T12:45:11.203766 | https://vvtat.lrv.lt/data/public/uploads/2023/06/2023-05-12-nutarimas-nr.-10g-1060.pdf | RuntimeError('bad status=404 size=29440')
2026-04-25T12:45:17.323269 | https://vvtat.lrv.lt/data/public/uploads/2023/07/2023-05-12-nutarimas-nr.-10g-1063.pdf | RuntimeError('bad status=404 size=29440')
2026-04-25T12:45:21.892430 | https://vvtat.lrv.lt/data/public/uploads/2023/06/2023-05-18-nutarimas-nr.-10g-1077.pdf | RuntimeError('bad status=404 size=29440')
2026-04-25T12:45:25.812335 | https://vvtat.lrv.lt/data/public/uploads/2023/06/2023-05-19-nutarimas-nr.-10g-1102.pdf | RuntimeError('bad status=404 size=29440')
2026-04-25T12:45:30.750925 | https://vvtat.lrv.lt/data/public/uploads/2023/11/2023-05-19-nutarimas-nr.-10g-1105.pdf | RuntimeError('bad status=404 size=29440')
2026-04-25T12:45:36.681846 | https://vvtat.lrv.lt/data/public/uploads/2023/10/2023-05-26-nutarimas-nr.-10g-1150.pdf | RuntimeError('bad status=404 size=29440')
2026-04-25T12:45:41.464000 | https://vvtat.lrv.lt/data/public/uploads/2023/06/2023-05-26-nutarimas-nr.-10g-1157.pdf | RuntimeError('bad status=404 size=29440')
2026-04-25T12:45:45.816486 | https://vvtat.lrv.lt/data/public/uploads/2023/06/2023-05-26-nutarimas-nr.-10g-1158.pdf | RuntimeError('bad status=404 size=29440')
2026-04-25T12:45:50.591304 | https://vvtat.lrv.lt/data/public/uploads/2023/10/2023-05-29-nutarimas-nr.-10g-1163.pdf | RuntimeError('bad status=404 size=29440')
2026-04-25T12:45:53.766561 | https://vvtat.lrv.lt/data/public/uploads/2023/07/2023-05-30-nutarimas-nr.-10g-1177.pdf | RuntimeError('bad status=404 size=29440')
2026-04-25T12:45:57.500593 | https://vvtat.lrv.lt/data/public/uploads/2023/09/2023-05-30-nutarimas-nr.-10g-1178.pdf | RuntimeError('bad status=404 size=29440')
2026-04-25T12:46:00.064834 | https://vvtat.lrv.lt/data/public/uploads/2023/12/2023-05-30-nutarimas-nr.-10g-1179.pdf | RuntimeError('bad status=404 size=29440')
2026-04-25T12:46:06.141983 | https://vvtat.lrv.lt/data/public/uploads/2023/07/2023-05-31-nutarimas-nr.-10g-1183.pdf | RuntimeError('bad status=404 size=29440')
2026-04-25T12:46:08.779725 | https://vvtat.lrv.lt/data/public/uploads/2023/12/2023-05-31-nutarimas-nr.-10g-1190.pdf | RuntimeError('bad status=404 size=29440')
2026-04-25T12:46:11.079635 | https://vvtat.lrv.lt/data/public/uploads/2023/07/2023-06-01-nutarimas-nr.-10g-1195.pdf | RuntimeError('bad status=404 size=29440')
2026-04-25T12:46:14.747625 | https://vvtat.lrv.lt/data/public/uploads/2023/07/2023-06-01-nutarimas-nr.-10g-1196.pdf | RuntimeError('bad status=404 size=29440')
2026-04-25T12:46:18.712897 | https://vvtat.lrv.lt/data/public/uploads/2023/07/2023-06-01-nutarimas-nr.-10g-1197.pdf | RuntimeError('bad status=404 size=29440')
2026-04-25T12:46:23.640588 | https://vvtat.lrv.lt/data/public/uploads/2023/07/2023-06-02-nutarimas-nr.-10g-1230.pdf | RuntimeError('bad status=404 size=29440')
2026-04-25T12:46:28.924463 | https://vvtat.lrv.lt/data/public/uploads/2023/09/2023-06-06-nutarimas-nr.-10g-1251.pdf | RuntimeError('bad status=404 size=29440')
2026-04-25T12:46:31.696994 | https://vvtat.lrv.lt/data/public/uploads/2023/07/2023-06-07-nutarimas-nr.-10g-1259.pdf | RuntimeError('bad status=404 size=29440')
2026-04-25T12:46:34.233575 | https://vvtat.lrv.lt/data/public/uploads/2023/10/2023-06-07-nutarimas-nr.-10g-1266.pdf | RuntimeError('bad status=404 size=29440')
2026-04-25T12:46:38.239271 | https://vvtat.lrv.lt/data/public/uploads/2023/07/2023-06-08-nutarimas-nr.-10g-1273.pdf | RuntimeError('bad status=404 size=29440')
2026-04-25T12:46:41.280079 | https://vvtat.lrv.lt/data/public/uploads/2023/10/2023-06-09-nutarimas-nr.-10g-1300.pdf | RuntimeError('bad status=404 size=29440')
2026-04-25T12:46:47.037414 | https://vvtat.lrv.lt/data/public/uploads/2023/09/2023-06-14-nutarimas-nr.-10g-1327.pdf | RuntimeError('bad status=404 size=29440')
2026-04-25T12:46:49.585423 | https://vvtat.lrv.lt/data/public/uploads/2023/10/2023-06-14-nutarimas-nr.-10g-1331.pdf | RuntimeError('bad status=404 size=29440')
2026-04-25T12:46:54.251250 | https://vvtat.lrv.lt/data/public/uploads/2023/10/2023-06-14-nutarimas-nr.-10g-1332.pdf | RuntimeError('bad status=404 size=29440')
2026-04-25T12:46:57.117049 | https://vvtat.lrv.lt/data/public/uploads/2023/09/2023-06-15-nutarimas-nr.-10g-1334.pdf | RuntimeError('bad status=404 size=29440')
2026-04-25T12:47:01.317275 | https://vvtat.lrv.lt/data/public/uploads/2023/09/2023-06-15-nutarimas-nr.-10g-1336.pdf | RuntimeError('bad status=404 size=29440')
2026-04-25T12:47:07.210943 | https://vvtat.lrv.lt/data/public/uploads/2023/10/2023-06-16-nutarimas-nr.-10g-1353.pdf | RuntimeError('bad status=404 size=29440')
2026-04-25T12:47:11.100564 | https://vvtat.lrv.lt/data/public/uploads/2023/07/2023-06-16-nutarimas-nr.-10g-1360.pdf | RuntimeError('bad status=404 size=29440')
2026-04-25T12:47:16.496521 | https://vvtat.lrv.lt/data/public/uploads/2023/11/2023-06-16-nutarimas-nr.-10g-1361.pdf | RuntimeError('bad status=404 size=29440')
2026-04-25T12:47:22.444482 | https://vvtat.lrv.lt/data/public/uploads/2023/10/2023-06-16-nutarimas-nr.-10g-1374.pdf | RuntimeError('bad status=404 size=29440')
2026-04-25T12:47:27.736440 | https://vvtat.lrv.lt/data/public/uploads/2023/10/2023-06-20-nutarimas-nr.-10g-1386.pdf | RuntimeError('bad status=404 size=29440')
2026-04-25T12:47:30.615753 | https://vvtat.lrv.lt/data/public/uploads/2023/09/2023-06-21-nutarimas-nr.-10g-1400.pdf | RuntimeError('bad status=404 size=29440')
2026-04-25T12:47:35.812352 | https://vvtat.lrv.lt/data/public/uploads/2023/10/2023-06-21-nutarimas-nr.-10g-1407.pdf | RuntimeError('bad status=404 size=29440')
2026-04-25T12:47:41.280325 | https://vvtat.lrv.lt/data/public/uploads/2023/08/2023-06-21-nutarimas-nr.-10g-1408.pdf | RuntimeError('bad status=404 size=29440')
2026-04-25T12:47:45.864203 | https://vvtat.lrv.lt/data/public/uploads/2023/08/2023-06-22-nutarimas-nr.-10g-1419.pdf | RuntimeError('bad status=404 size=29440')
2026-04-25T12:47:51.319428 | https://vvtat.lrv.lt/data/public/uploads/2023/11/2023-06-22-nutarimas-nr.-10g-1420.pdf | RuntimeError('bad status=404 size=29440')
2026-04-25T12:47:55.608153 | https://vvtat.lrv.lt/data/public/uploads/2023/11/2023-06-22-nutarimas-nr.-10g-1423.pdf | RuntimeError('bad status=404 size=29440')
2026-04-25T12:48:00.261288 | https://vvtat.lrv.lt/data/public/uploads/2023/08/2023-06-29-nutarimas-nr.-10g-1443.pdf | RuntimeError('bad status=404 size=29440')
2026-04-25T12:48:04.964515 | https://vvtat.lrv.lt/data/public/uploads/2023/08/2023-06-29-nutarimas-nr.-10g-1444.pdf | RuntimeError('bad status=404 size=29440')
2026-04-25T12:48:08.186927 | https://vvtat.lrv.lt/data/public/uploads/2023/10/2023-06-29-nutarimas-nr.-10g-1456.pdf | RuntimeError('bad status=404 size=29440')
2026-04-25T12:48:12.492533 | https://vvtat.lrv.lt/data/public/uploads/2023/11/2023-06-30-nutarimas-nr.-10g-1469.pdf | RuntimeError('bad status=404 size=29440')
2026-04-25T12:48:14.853764 | https://vvtat.lrv.lt/data/public/uploads/2023/10/2023-06-30-nutarimas-nr.-10g-1477.pdf | RuntimeError('bad status=404 size=29440')
2026-04-25T12:48:17.046110 | https://vvtat.lrv.lt/data/public/uploads/2023/09/2023-06-30-nutarimas-nr.-10g-1482.pdf | RuntimeError('bad status=404 size=29440')
2026-04-25T12:48:22.458619 | https://vvtat.lrv.lt/data/public/uploads/2023/10/2023-06-30-nutarimas-nr.-10g-1485.pdf | RuntimeError('bad status=404 size=29440')
2026-04-25T12:48:26.314556 | https://vvtat.lrv.lt/data/public/uploads/2023/08/2023-06-30-nutarimas-nr.-10g-1486.pdf | RuntimeError('bad status=404 size=29440')
2026-04-25T12:48:29.423630 | https://vvtat.lrv.lt/data/public/uploads/2023/08/2023-07-03-nutarimas-nr.-10g-1504.pdf | RuntimeError('bad status=404 size=29440')
2026-04-25T12:48:33.751171 | https://vvtat.lrv.lt/data/public/uploads/2023/08/2023-07-05-nutarimas-nr.-10g-1517.pdf | RuntimeError('bad status=404 size=29440')
2026-04-25T12:48:36.378235 | https://vvtat.lrv.lt/data/public/uploads/2023/08/2023-07-05-nutarimas-nr.-10g-1518.pdf | RuntimeError('bad status=404 size=29440')
2026-04-25T12:48:41.241199 | https://vvtat.lrv.lt/data/public/uploads/2023/12/2023-07-10-nutarimas-nr.-10g-1526.pdf | RuntimeError('bad status=404 size=29440')
2026-04-25T12:48:45.875653 | https://vvtat.lrv.lt/data/public/uploads/2023/10/2023-07-11-nutarimas-nr.-10g-1528.pdf | RuntimeError('bad status=404 size=29440')
2026-04-25T12:48:51.237901 | https://vvtat.lrv.lt/data/public/uploads/2023/08/2023-07-12-nutarimas-nr.-10g-1542.pdf | RuntimeError('bad status=404 size=29440')
2026-04-25T12:48:56.154045 | https://vvtat.lrv.lt/data/public/uploads/2023/10/2023-07-12-nutarimas-nr.-10g-1543.pdf | RuntimeError('bad status=404 size=29440')
2026-04-25T12:49:00.814507 | https://vvtat.lrv.lt/data/public/uploads/2023/11/2023-07-18-nutarimas-nr.-10g-1567.pdf | RuntimeError('bad status=404 size=29440')
2026-04-25T12:49:06.719440 | https://vvtat.lrv.lt/data/public/uploads/2023/08/2023-07-18-nutarimas-nr.-10g-1570.pdf | RuntimeError('bad status=404 size=29440')
2026-04-25T12:49:09.264935 | https://vvtat.lrv.lt/data/public/uploads/2023/09/2023-07-18-nutarimas-nr.-10g-1571.pdf | RuntimeError('bad status=404 size=29440')
2026-04-25T12:49:15.295368 | https://vvtat.lrv.lt/data/public/uploads/2023/09/2023-07-20-nutarimas-nr.-10g-1592.pdf | RuntimeError('bad status=404 size=29440')
2026-04-25T12:49:20.236198 | https://vvtat.lrv.lt/data/public/uploads/2023/09/2023-07-20-nutarimas-nr.-10g-1595.pdf | RuntimeError('bad status=404 size=29440')
2026-04-25T12:49:24.398400 | https://vvtat.lrv.lt/data/public/uploads/2023/09/2023-07-21-nutarimas-nr.-10g-1603.pdf | RuntimeError('bad status=404 size=29440')
2026-04-25T12:49:28.329487 | https://vvtat.lrv.lt/data/public/uploads/2023/09/2023-07-24-nutarimas-nr.-10g-1617.pdf | RuntimeError('bad status=404 size=29440')
2026-04-25T12:49:31.286850 | https://vvtat.lrv.lt/data/public/uploads/2023/10/2023-07-24-nutarimas-nr.-10g-1618.pdf | RuntimeError('bad status=404 size=29440')
2026-04-25T12:49:37.084086 | https://vvtat.lrv.lt/data/public/uploads/2023/09/2023-07-26-nutarimas-nr.-10g-1635.pdf | RuntimeError('bad status=404 size=29440')
2026-04-25T12:49:39.988748 | https://vvtat.lrv.lt/data/public/uploads/2023/09/2023-07-26-nutarimas-nr.-10g-1636.pdf | RuntimeError('bad status=404 size=29440')
2026-04-25T12:49:43.709390 | https://vvtat.lrv.lt/data/public/uploads/2023/09/2023-07-28-nutarimas-nr.-10g-1658.pdf | RuntimeError('bad status=404 size=29440')
2026-04-25T12:49:45.907253 | https://vvtat.lrv.lt/data/public/uploads/2023/09/2023-07-28-nutarimas-nr.-10g-1661.pdf | RuntimeError('bad status=404 size=29440')
2026-04-25T12:49:50.315792 | https://vvtat.lrv.lt/data/public/uploads/2023/10/2023-07-31-nutarimas-nr.-10g-1678.pdf | RuntimeError('bad status=404 size=29440')
2026-04-25T12:49:54.102047 | https://vvtat.lrv.lt/data/public/uploads/2023/09/2023-07-31-nutarimas-nr.-10g-1679.pdf | RuntimeError('bad status=404 size=29440')
2026-04-25T12:49:59.818530 | https://vvtat.lrv.lt/data/public/uploads/2023/09/2023-08-01-nutarimas-nr.-10g-1684.pdf | RuntimeError('bad status=404 size=29440')
2026-04-25T12:50:04.917739 | https://vvtat.lrv.lt/data/public/uploads/2023/10/2023-08-03-nutarimas-nr.-10g-1705.pdf | RuntimeError('bad status=404 size=29440')
2026-04-25T12:50:09.317785 | https://vvtat.lrv.lt/data/public/uploads/2023/09/2023-08-03-nutarimas-nr.-10g-1706.pdf | RuntimeError('bad status=404 size=29440')
2026-04-25T12:50:14.683567 | https://vvtat.lrv.lt/data/public/uploads/2023/10/2023-08-03-nutarimas-nr.-10g-1712.pdf | RuntimeError('bad status=404 size=29440')
2026-04-25T12:50:19.894770 | https://vvtat.lrv.lt/data/public/uploads/2023/11/2023-08-04-nutarimas-nr.-10g-1729.pdf | RuntimeError('bad status=404 size=29440')
2026-04-25T12:50:24.127764 | https://vvtat.lrv.lt/data/public/uploads/2023/09/2023-08-07-nutarimas-nr.-10g-1738.pdf | RuntimeError('bad status=404 size=29440')
2026-04-25T12:50:28.005751 | https://vvtat.lrv.lt/data/public/uploads/2023/12/2023-08-07-nutarimas-nr.-10g-1741.pdf | RuntimeError('bad status=404 size=29440')
2026-04-25T12:50:31.448937 | https://vvtat.lrv.lt/data/public/uploads/2023/10/2023-08-08-nutarimas-nr.-10g-1747.pdf | RuntimeError('bad status=404 size=29440')
2026-04-25T12:50:35.045419 | https://vvtat.lrv.lt/data/public/uploads/2023/09/2023-08-08-nutarimas-nr.-10g-1751.pdf | RuntimeError('bad status=404 size=29440')
2026-04-25T12:50:39.313749 | https://vvtat.lrv.lt/data/public/uploads/2023/11/2023-08-09-nutarimas-nr.-10g-1759.pdf | RuntimeError('bad status=404 size=29440')
2026-04-25T12:50:45.213224 | https://vvtat.lrv.lt/data/public/uploads/2023/09/2023-08-10-nutarimas-nr.-10g-1778.pdf | RuntimeError('bad status=404 size=29440')
2026-04-25T12:50:49.945311 | https://vvtat.lrv.lt/data/public/uploads/2023/12/2023-08-10-nutarimas-nr.-10g-1779.pdf | RuntimeError('bad status=404 size=29440')
2026-04-25T12:50:54.736914 | https://vvtat.lrv.lt/data/public/uploads/2023/10/2023-08-17-nutarimas-nr.-10g-1807.pdf | RuntimeError('bad status=404 size=29440')
2026-04-25T12:50:57.163102 | https://vvtat.lrv.lt/data/public/uploads/2023/10/2023-08-18-nutarimas-nr.-10g-1831.pdf | RuntimeError('bad status=404 size=29440')
2026-04-25T12:51:01.230402 | https://vvtat.lrv.lt/data/public/uploads/2023/10/2023-08-22-nutarimas-nr.-10g-1852.pdf | RuntimeError('bad status=404 size=29440')
2026-04-25T12:51:05.378182 | https://vvtat.lrv.lt/data/public/uploads/2023/10/2023-08-22-nutarimas-nr.-10g-1860.pdf | RuntimeError('bad status=404 size=29440')
2026-04-25T12:51:10.175140 | https://vvtat.lrv.lt/data/public/uploads/2023/10/2023-08-23-nutarimas-nr.-10g-1866.pdf | RuntimeError('bad status=404 size=29440')
2026-04-25T12:51:12.876301 | https://vvtat.lrv.lt/data/public/uploads/2023/10/2023-08-23-nutarimas-nr.-10g-1870.pdf | RuntimeError('bad status=404 size=29440')
2026-04-25T12:51:15.747951 | https://vvtat.lrv.lt/data/public/uploads/2023/10/2023-08-24-nutarimas-nr.-10g-1890.pdf | RuntimeError('bad status=404 size=29440')
2026-04-25T12:51:19.861363 | https://vvtat.lrv.lt/data/public/uploads/2023/10/2023-08-25-nutarimas-nr.-10g-1903.pdf | RuntimeError('bad status=404 size=29440')
2026-04-25T12:51:25.987636 | https://vvtat.lrv.lt/data/public/uploads/2023/10/2023-08-25-nutarimas-nr.-10g-1904.pdf | RuntimeError('bad status=404 size=29440')
2026-04-25T12:51:29.400769 | https://vvtat.lrv.lt/data/public/uploads/2023/10/2023-08-28-nutarimas-nr.-10g-1907.pdf | RuntimeError('bad status=404 size=29440')
2026-04-25T12:51:32.208860 | https://vvtat.lrv.lt/data/public/uploads/2023/11/2023-08-28-nutarimas-nr.-10g-1908.pdf | RuntimeError('bad status=404 size=29440')
2026-04-25T12:51:34.432633 | https://vvtat.lrv.lt/data/public/uploads/2023/11/2023-08-28-nutarimas-nr.-10g-1909.pdf | RuntimeError('bad status=404 size=29440')
2026-04-25T12:51:37.831331 | https://vvtat.lrv.lt/data/public/uploads/2023/10/2023-08-29-nutarimas-nr.-10g-1922.pdf | RuntimeError('bad status=404 size=29440')
2026-04-25T12:51:41.306351 | https://vvtat.lrv.lt/data/public/uploads/2023/12/2023-08-30-nutarimas-nr.-10g-1941.pdf | RuntimeError('bad status=404 size=29440')
2026-04-25T12:51:47.372844 | https://vvtat.lrv.lt/data/public/uploads/2023/10/2023-08-31-nutarimas-nr.-10g-1946.pdf | RuntimeError('bad status=404 size=29440')
2026-04-25T12:51:52.914742 | https://vvtat.lrv.lt/data/public/uploads/2023/10/2023-08-31-nutarimas-nr-10g-1947.pdf | RuntimeError('bad status=404 size=29440')
2026-04-25T12:51:55.843884 | https://vvtat.lrv.lt/data/public/uploads/2023/10/2023-08-31-nutarimas-nr.-10g-1949.pdf | RuntimeError('bad status=404 size=29440')
2026-04-25T12:52:00.897460 | https://vvtat.lrv.lt/data/public/uploads/2023/10/2023-08-31-nutarimas-nr.-10g-1954.pdf | RuntimeError('bad status=404 size=29440')
2026-04-25T12:52:03.205067 | https://vvtat.lrv.lt/data/public/uploads/2023/11/2023-09-01-nutarimas-nr.-10g-1961.pdf | RuntimeError('bad status=404 size=29440')
2026-04-25T12:52:07.193624 | https://vvtat.lrv.lt/data/public/uploads/2023/10/2023-09-01-nutarimas-nr.-10g-1968.pdf | RuntimeError('bad status=404 size=29440')
2026-04-25T12:52:11.542646 | https://vvtat.lrv.lt/data/public/uploads/2023/10/2023-09-06-nutarimas-nr.-10g-2000.pdf | RuntimeError('bad status=404 size=29440')
2026-04-25T12:52:16.118432 | https://vvtat.lrv.lt/data/public/uploads/2023/11/2023-09-06-nutarimas-nr.-10g-2001.pdf | RuntimeError('bad status=404 size=29440')
2026-04-25T12:52:20.060656 | https://vvtat.lrv.lt/data/public/uploads/2023/10/2023-09-06-nutarimas-nr.-10g-2004.pdf | RuntimeError('bad status=404 size=29440')
2026-04-25T12:52:25.881169 | https://vvtat.lrv.lt/data/public/uploads/2023/10/2023-09-07-nutarimas-nr.-10g-2008.pdf | RuntimeError('bad status=404 size=29440')
2026-04-25T12:52:31.159463 | https://vvtat.lrv.lt/data/public/uploads/2023/10/2023-09-11-nutarimas-nr.-10g-2029.pdf | RuntimeError('bad status=404 size=29440')
2026-04-25T12:52:34.900703 | https://vvtat.lrv.lt/data/public/uploads/2023/10/2023-09-13-nutarimas-nr.-10g-2062.pdf | RuntimeError('bad status=404 size=29440')
2026-04-25T12:52:40.530839 | https://vvtat.lrv.lt/data/public/uploads/2023/11/2023-09-14-nutarimas-nr.-10g-2066.pdf | RuntimeError('bad status=404 size=29440')
2026-04-25T12:52:45.649816 | https://vvtat.lrv.lt/data/public/uploads/2023/11/2023-09-19-nutarimas-nr.-10g-2113.pdf | RuntimeError('bad status=404 size=29440')
2026-04-25T12:52:48.154171 | https://vvtat.lrv.lt/data/public/uploads/2023/11/2023-09-21-nutarimas-nr.-10g-2138.pdf | RuntimeError('bad status=404 size=29440')
2026-04-25T12:52:50.919845 | https://vvtat.lrv.lt/data/public/uploads/2023/11/2023-09-21-nutarimas-nr.-10g-2139.pdf | RuntimeError('bad status=404 size=29440')
2026-04-25T12:52:53.505475 | https://vvtat.lrv.lt/data/public/uploads/2023/11/2023-09-21-nutarimas-nr.-10g-2142.pdf | RuntimeError('bad status=404 size=29440')
2026-04-25T12:52:58.540760 | https://vvtat.lrv.lt/data/public/uploads/2023/12/2023-09-21-nutarimas-nr.-10g-2147.pdf | RuntimeError('bad status=404 size=29440')
2026-04-25T12:53:03.746418 | https://vvtat.lrv.lt/data/public/uploads/2023/11/2023-09-25-nutarimas-nr.-10g-2171.pdf | RuntimeError('bad status=404 size=29440')
2026-04-25T12:53:05.987728 | https://vvtat.lrv.lt/data/public/uploads/2023/11/2023-09-28-nutarimas-nr.-10g-2200.pdf | RuntimeError('bad status=404 size=29440')
2026-04-25T12:53:11.350050 | https://vvtat.lrv.lt/data/public/uploads/2023/10/2023-09-29-nutarimas-nr.-10g-2213.pdf | RuntimeError('bad status=404 size=29440')
2026-04-25T12:53:15.992977 | https://vvtat.lrv.lt/data/public/uploads/2023/11/2023-10-03-nutarimas-nr.-10g-2243.pdf | RuntimeError('bad status=404 size=29440')
2026-04-25T12:53:19.657008 | https://vvtat.lrv.lt/data/public/uploads/2023/12/2023-10-03-nutarimas-nr.-10g-2246.pdf | RuntimeError('bad status=404 size=29440')
2026-04-25T12:53:24.963279 | https://vvtat.lrv.lt/data/public/uploads/2023/11/2023-10-04-nutarimas-nr.-10g-2247.pdf | RuntimeError('bad status=404 size=29440')
2026-04-25T12:53:29.169883 | https://vvtat.lrv.lt/data/public/uploads/2023/11/2023-10-04-nutarimas-nr.-10g-2254.pdf | RuntimeError('bad status=404 size=29440')
2026-04-25T12:53:33.671682 | https://vvtat.lrv.lt/data/public/uploads/2023/11/d1_2023-10-23-nutarimas-nr.-10g-2411.pdf | RuntimeError('bad status=404 size=29440')
2026-04-25T12:53:37.353048 | https://vvtat.lrv.lt/uploads/2023/11/2023-10-23-nutarimas-nr.-10g-2413.pdf | RuntimeError('bad status=404 size=1044')
2026-04-25T12:53:40.285000 | https://vvtat.lrv.lt/uploads/2024/01/2023-11-03-nutarimas-nr.-10g-2495.pdf | RuntimeError('bad status=404 size=1044')
2026-04-25T12:53:45.044709 | https://vvtat.lrv.lt/uploads/2023/11/2023-11-10-nutarimas-nr.-10g-2567.pdf | RuntimeError('bad status=404 size=1044')
2026-04-25T12:53:50.344814 | https://vvtat.lrv.lt/uploads/2024/01/2023-11-27-nutarimas-nr.-10g-2734.pdf | RuntimeError('bad status=404 size=1044')
2026-04-25T12:53:53.629494 | https://vvtat.lrv.lt/uploads/2024/01/2023-11-29-nutarimas-nr.-10g-2783.pdf | RuntimeError('bad status=404 size=1044')
2026-04-25T12:53:58.310133 | https://vvtat.lrv.lt/media/viesa/saugykla/2024/4/9_QW-H5mcT4.pdf | RuntimeError('bad status=404 size=1044')
2026-04-25T12:54:01.855750 | https://vvtat.lrv.lt/uploads/2022/04/d1_2022-03-22-nutarimas-nr.-10g-125.pdf | RuntimeError('bad status=404 size=1044')
2026-04-25T12:54:07.862665 | https://vvtat.lrv.lt/uploads/2022/04/2022-03-28-nutarimas-nr.-10g-144.pdf | RuntimeError('bad status=404 size=1044')
2026-04-25T12:54:12.886463 | https://vvtat.lrv.lt/uploads/2023/01/d1_2022-11-15-nutarimas-nr.-10g-1439.pdf | RuntimeError('bad status=404 size=1044')
2026-04-25T12:54:15.514692 | https://vvtat.lrv.lt/uploads/2023/04/2022-11-25-nutarimas-nr.-10g-1516.pdf | RuntimeError('bad status=404 size=1044')
2026-04-25T12:54:21.390186 | https://vvtat.lrv.lt/uploads/2023/04/2022-11-25-nutarimas-nr.-10g-1529.pdf | RuntimeError('bad status=404 size=1044')
2026-04-25T12:54:26.919737 | https://vvtat.lrv.lt/uploads/2023/01/2022-11-30-nutarimas-nr.-10g-1558.pdf | RuntimeError('bad status=404 size=1044')
2026-04-25T12:54:30.798635 | https://vvtat.lrv.lt/uploads/2023/04/2022-12-01-nutarimas-nr.-10g-1592.pdf | RuntimeError('bad status=404 size=1044')
2026-04-25T12:54:33.391622 | https://vvtat.lrv.lt/uploads/2023/03/2022-12-02-nutarimas-nr.-10g-1602.pdf | RuntimeError('bad status=404 size=1044')
2026-04-25T12:54:35.775716 | https://vvtat.lrv.lt/uploads/2023/04/2022-12-05-nutarimas-nr.-10g-1607.pdf | RuntimeError('bad status=404 size=1044')
2026-04-25T12:54:40.190956 | https://vvtat.lrv.lt/uploads/2023/04/2022-12-06-nutarimas-nr.-10g-1620.pdf | RuntimeError('bad status=404 size=1044')
2026-04-25T12:54:45.480912 | https://vvtat.lrv.lt/uploads/2023/01/d1_2022-12-07-nutarimas-nr.-10g-1633.pdf | RuntimeError('bad status=404 size=1044')
2026-04-25T12:54:50.081945 | https://vvtat.lrv.lt/uploads/2023/04/2022-12-08-nutarimas-nr.-10g-1647.pdf | RuntimeError('bad status=404 size=1044')
2026-04-25T12:54:54.866065 | https://vvtat.lrv.lt/uploads/2023/03/2022-12-08-nutarimas-nr.-10g-1655.pdf | RuntimeError('bad status=404 size=1044')
2026-04-25T12:54:58.928037 | https://vvtat.lrv.lt/uploads/2023/03/2022-12-09-nutarimas-nr.-10g-1656.pdf | RuntimeError('bad status=404 size=1044')
2026-04-25T12:55:02.504883 | https://vvtat.lrv.lt/uploads/2023/03/2022-12-13-nutarimas-nr.-10g-1667.pdf | RuntimeError('bad status=404 size=1044')
2026-04-25T12:55:07.287381 | https://vvtat.lrv.lt/uploads/2023/03/2022-12-13-nutarimas-nr.-10g-1669.pdf | RuntimeError('bad status=404 size=1044')
2026-04-25T12:55:10.103554 | https://vvtat.lrv.lt/uploads/2023/03/2022-12-13-nutarimas-nr.-10g-1670.pdf | RuntimeError('bad status=404 size=1044')
2026-04-25T12:55:14.702219 | https://vvtat.lrv.lt/uploads/2023/03/2022-12-13-nutarimas-nr.-10g-1673.pdf | RuntimeError('bad status=404 size=1044')
2026-04-25T12:55:18.595551 | https://vvtat.lrv.lt/uploads/2023/03/2022-12-13-nutarimas-nr.-10g-1674.pdf | RuntimeError('bad status=404 size=1044')
2026-04-25T12:55:24.568347 | https://vvtat.lrv.lt/uploads/2023/03/2022-12-13-nutarimas-nr.-10g-1680.pdf | RuntimeError('bad status=404 size=1044')
2026-04-25T12:55:26.880582 | https://vvtat.lrv.lt/uploads/2023/04/2022-12-14-nutarimas-nr.-10g-1690.pdf | RuntimeError('bad status=404 size=1044')
2026-04-25T12:55:31.093952 | https://vvtat.lrv.lt/uploads/2023/04/2022-12-15-nutarimas-nr.-10g-1699.pdf | RuntimeError('bad status=404 size=1044')
2026-04-25T12:55:33.999999 | https://vvtat.lrv.lt/uploads/2023/04/2022-12-16-nutarimas-nr.-10g-1705.pdf | RuntimeError('bad status=404 size=1044')
2026-04-25T12:55:36.335898 | https://vvtat.lrv.lt/uploads/2023/03/2022-12-20-nutarimas-nr.-10g-1725.pdf | RuntimeError('bad status=404 size=1044')
2026-04-25T12:55:41.913789 | https://vvtat.lrv.lt/uploads/2023/03/2022-12-20-nutarimas-nr.-10g-1728.pdf | RuntimeError('bad status=404 size=1044')
2026-04-25T12:55:46.410285 | https://vvtat.lrv.lt/uploads/2023/03/2022-12-21-nutarimas-nr.-10g-1735.pdf | RuntimeError('bad status=404 size=1044')
2026-04-25T12:55:52.296661 | https://vvtat.lrv.lt/uploads/2023/03/2022-12-21-nutarimas-nr.-10g-1736.pdf | RuntimeError('bad status=404 size=1044')
2026-04-25T12:55:57.092902 | https://vvtat.lrv.lt/uploads/2023/04/2022-12-27-nutarimas-nr.-10g-1759.pdf | RuntimeError('bad status=404 size=1044')
2026-04-25T12:56:01.353550 | https://vvtat.lrv.lt/uploads/2023/04/2022-12-27-nutarimas-nr.-10g-1760.pdf | RuntimeError('bad status=404 size=1044')
2026-04-25T12:56:04.090919 | https://vvtat.lrv.lt/uploads/2023/04/2022-12-29-nutarimas-nr.-10g-1780.pdf | RuntimeError('bad status=404 size=1044')
2026-04-25T12:56:09.113740 | https://vvtat.lrv.lt/uploads/2023/04/2022-12-29-nutarimas-nr.-10g-1783.pdf | RuntimeError('bad status=404 size=1044')
2026-04-25T12:56:12.685129 | https://vvtat.lrv.lt/uploads/2023/04/2022-12-30-nutarimas-nr.-10g-1790.pdf | RuntimeError('bad status=404 size=1044')
2026-04-25T12:56:16.852683 | https://vvtat.lrv.lt/uploads/2022/10/2022-01-05-nutarimas-nr.-10e-3.pdf | RuntimeError('bad status=404 size=1044')
2026-04-25T12:56:20.863445 | https://vvtat.lrv.lt/uploads/2022/10/2022-01-11-nutarimas-nr.-10e-46.pdf | RuntimeError('bad status=404 size=1044')
2026-04-25T12:56:26.061391 | https://vvtat.lrv.lt/uploads/2022/10/2022-01-19-nutarimas-nr.-10e-146.pdf | RuntimeError('bad status=404 size=1044')
2026-04-25T12:56:31.414305 | https://vvtat.lrv.lt/uploads/2022/10/2022-04-14-nr.-10g-218.pdf | RuntimeError('bad status=404 size=1044')
2026-04-25T12:56:33.994713 | https://vvtat.lrv.lt/uploads/2022/10/2022-02-02-nutarimas-nr.-10e-272.pdf | RuntimeError('bad status=404 size=1044')
2026-04-25T12:56:38.388860 | https://vvtat.lrv.lt/uploads/2022/10/2022-02-08-nutarimas-nr.-10e-300.pdf | RuntimeError('bad status=404 size=1044')
2026-04-25T12:56:43.928301 | https://vvtat.lrv.lt/uploads/2022/12/2022-02-09-nutarimas-nr.-10e-309.pdf | RuntimeError('bad status=404 size=1044')
2026-04-25T12:56:47.014601 | https://vvtat.lrv.lt/uploads/2023/04/2022-02-17-nutarimas-nr.-10e-365.pdf | RuntimeError('bad status=404 size=1044')
2026-04-25T12:56:50.571154 | https://vvtat.lrv.lt/uploads/2022/10/2022-02-18-nutarimas-10e-379.pdf | RuntimeError('bad status=404 size=1044')
2026-04-25T12:56:53.735340 | https://vvtat.lrv.lt/uploads/2023/04/2022-03-08-nutarimas-nr.-10e-490.pdf | RuntimeError('bad status=404 size=1044')
2026-04-25T12:56:56.386474 | https://vvtat.lrv.lt/uploads/2023/04/2022-03-14-nutarimas-nr.-10e-508.pdf | RuntimeError('bad status=404 size=1044')
2026-04-25T12:57:01.864799 | https://vvtat.lrv.lt/uploads/2023/04/2022-03-28-nutarimas-nr.-10e-560.pdf | RuntimeError('bad status=404 size=1044')
2026-04-25T12:57:05.080347 | https://vvtat.lrv.lt/uploads/2023/04/2022-04-15-nutarimas-nr.-10e-607.pdf | RuntimeError('bad status=404 size=1044')
2026-04-25T12:57:08.694166 | https://vvtat.lrv.lt/uploads/2023/04/2022-04-22-nutarimas-nr.-10e-618.pdf | RuntimeError('bad status=404 size=1044')
2026-04-25T12:57:12.711859 | https://vvtat.lrv.lt/uploads/2023/04/2022-05-13-nutarimas-nr.-10e-675.pdf | RuntimeError('bad status=404 size=1044')
2026-04-25T12:57:18.163701 | https://vvtat.lrv.lt/uploads/2023/02/2022-12-08-nutarimas-nr.-10g-1640.pdf | RuntimeError('bad status=404 size=1044')
2026-04-25T12:57:23.519583 | https://vvtat.lrv.lt/uploads/2023/03/2022-12-13-nutarimas-nr.-10g-1677.pdf | RuntimeError('bad status=404 size=1044')
2026-04-25T12:57:29.118534 | https://vvtat.lrv.lt/uploads/2023/02/2022-12-21-nutarimas-nr.-10g-1734.pdf | RuntimeError('bad status=404 size=1044')
2026-04-25T12:57:32.758417 | https://vvtat.lrv.lt/uploads/2023/05/2022-12-22-nutarimas-nr.-10g-1746.pdf | RuntimeError('bad status=404 size=1044')
2026-04-25T12:57:35.074762 | https://vvtat.lrv.lt/uploads/2023/02/2022-12-27-nutarimas-nr.-10g-1764.pdf | RuntimeError('bad status=404 size=1044')
2026-04-25T12:57:41.218933 | https://vvtat.lrv.lt/uploads/2023/02/2022-12-27-nutarimas-nr.-10g-1765.pdf | RuntimeError('bad status=404 size=1044')
2026-04-25T12:57:43.838307 | https://vvtat.lrv.lt/uploads/2023/02/2022-12-30-nutarimas-nr.-10g-1795.pdf | RuntimeError('bad status=404 size=1044')
2026-04-25T12:57:46.955156 | https://vvtat.lrv.lt/uploads/2022/02/2021-11-30-nutarimas-nr.-10e-3059.pdf | RuntimeError('bad status=404 size=1044')
2026-04-25T12:57:53.094390 | https://vvtat.lrv.lt/uploads/2021/11/2021-08-17-nutarimas-nr.-10e-2095.pdf | RuntimeError('bad status=404 size=1044')
2026-04-25T12:57:58.079650 | https://vvtat.lrv.lt/uploads/2022/10/2021-12-10-nutarimas-nr.-10e-3169.pdf | RuntimeError('bad status=404 size=1044')
2026-04-25T12:58:03.232127 | https://vvtat.lrv.lt/uploads/2022/10/2021-12-14-nutarimas-nr.-10e-3184.pdf | RuntimeError('bad status=404 size=1044')
2026-04-25T12:58:06.993959 | https://vvtat.lrv.lt/uploads/2022/10/2021-12-14-nutarimas-nr.-10e-3186.pdf | RuntimeError('bad status=404 size=1044')
2026-04-25T12:58:09.949408 | https://vvtat.lrv.lt/uploads/2022/10/2021-12-17-nutarimas-nr.-10e-3214.pdf | RuntimeError('bad status=404 size=1044')
2026-04-25T12:58:14.236338 | https://vvtat.lrv.lt/uploads/2022/10/2021-12-23-nutarimas-nr.-10e-3282.pdf | RuntimeError('bad status=404 size=1044')
